{"uid":"b1a8273437954620fa374b796ffaacdd","children":[{"name":"Activity Designer: Delete custom category","uid":"903d07aa5f2fc4b6","parentUid":"b1a8273437954620fa374b796ffaacdd","status":"passed","time":{"start":1692782756487,"stop":1692782766877,"duration":10390},"flaky":false,"newFailed":false,"newPassed":false,"newBroken":false,"retriesCount":0,"retriesStatusChange":false,"parameters":[]},{"name":"testCreateActivityAndExecuteIt(CodeLanguageOptions, List) Activity Designer: Create new C_SHARP activity in custom category and execute it","uid":"545e4d519996c8aa","parentUid":"b1a8273437954620fa374b796ffaacdd","status":"failed","time":{"start":1692782767043,"stop":1692782801204,"duration":34161},"flaky":true,"newFailed":true,"newPassed":false,"newBroken":false,"retriesCount":0,"retriesStatusChange":false,"parameters":["C_SHARP","[using Ayehu.Sdk.ActivityCreation.Interfaces;, namespace Ayehu.Sdk.ActivityCreation, public class CustomActivity: IActivity, public ICustomActivityResult Execute(), return this.GenerateActivityResult(result);]"]},{"name":"testCreateActivityAndExecuteIt(CodeLanguageOptions, List) Activity Designer: Create new VB_NET activity in custom category and execute it","uid":"b7d26700b86afcb6","parentUid":"b1a8273437954620fa374b796ffaacdd","status":"failed","time":{"start":1692782801230,"stop":1692782831382,"duration":30152},"flaky":false,"newFailed":true,"newPassed":false,"newBroken":false,"retriesCount":0,"retriesStatusChange":false,"parameters":["VB_NET","[Namespace Ayehu.Sdk.ActivityCreation, Imports System.Text, Public Function Execute() As ICustomActivityResult Implements IActivity.Execute, End Namespace]"]},{"name":"testCreateActivityAndExecuteIt(CodeLanguageOptions, List) Activity Designer: Create new PYTHON activity in custom category and execute it","uid":"604ddedbd4f450c7","parentUid":"b1a8273437954620fa374b796ffaacdd","status":"failed","time":{"start":1692782831392,"stop":1692782889092,"duration":57700},"flaky":false,"newFailed":false,"newPassed":false,"newBroken":false,"retriesCount":0,"retriesStatusChange":false,"parameters":["PYTHON","[import sys, def execute(ValueToDisplay):, return ValueToDisplay]"]},{"name":"Activity Designer: Rename category","uid":"c427f29e653bc340","parentUid":"b1a8273437954620fa374b796ffaacdd","status":"passed","time":{"start":1692782889100,"stop":1692782896375,"duration":7275},"flaky":false,"newFailed":false,"newPassed":false,"newBroken":false,"retriesCount":0,"retriesStatusChange":false,"parameters":[]},{"name":"Activity Designer: Create new C# activity in custom category and execute it","uid":"1c1195bbbaec1f41","parentUid":"b1a8273437954620fa374b796ffaacdd","status":"failed","time":{"start":1692782896378,"stop":1692782928289,"duration":31911},"flaky":true,"newFailed":true,"newPassed":false,"newBroken":false,"retriesCount":0,"retriesStatusChange":false,"parameters":[]},{"name":"Activity Designer: Create custom category","uid":"fc747bcb13b89328","parentUid":"b1a8273437954620fa374b796ffaacdd","status":"passed","time":{"start":1692782928298,"stop":1692782936535,"duration":8237},"flaky":false,"newFailed":false,"newPassed":false,"newBroken":false,"retriesCount":0,"retriesStatusChange":false,"parameters":[]},{"name":"Modules: Create Jira integration module","uid":"a03a44d9c2509a97","parentUid":"b1a8273437954620fa374b796ffaacdd","status":"failed","time":{"start":1692782937290,"stop":1692782985444,"duration":48154},"flaky":false,"newFailed":false,"newPassed":false,"newBroken":false,"retriesCount":0,"retriesStatusChange":false,"parameters":[]},{"name":"API access: Generate new bridge key","uid":"471549ee2c8e32c","parentUid":"b1a8273437954620fa374b796ffaacdd","status":"skipped","time":{"start":1692782986554,"stop":1692782986554,"duration":0},"flaky":false,"newFailed":false,"newPassed":false,"newBroken":false,"retriesCount":0,"retriesStatusChange":false,"parameters":[]},{"name":"Create and delete error handler","uid":"e5c81b21df63b998","parentUid":"b1a8273437954620fa374b796ffaacdd","status":"passed","time":{"start":1692782987242,"stop":1692782995146,"duration":7904},"flaky":false,"newFailed":false,"newPassed":false,"newBroken":false,"retriesCount":0,"retriesStatusChange":false,"parameters":[]},{"name":"Analytics Dashboard: Triggered workflow is accounted in Analytics only once the cost-savings are configured","uid":"46a32c4dd0c8e5de","parentUid":"b1a8273437954620fa374b796ffaacdd","status":"failed","time":{"start":1692782995844,"stop":1692783099490,"duration":103646},"flaky":false,"newFailed":false,"newPassed":false,"newBroken":false,"retriesCount":0,"retriesStatusChange":false,"parameters":[]},{"name":"Workflow Permissions: Highest workflows permission assigned to a user is applied","uid":"4a95bc0108113013","parentUid":"b1a8273437954620fa374b796ffaacdd","status":"passed","time":{"start":1692783100168,"stop":1692783161991,"duration":61823},"flaky":false,"newFailed":false,"newPassed":false,"newBroken":false,"retriesCount":0,"retriesStatusChange":false,"parameters":[]},{"name":"Workflow Designer: Controls: Append value of Set Memory activity by using another Set Memory activity","uid":"2bb6e1375c316fde","parentUid":"b1a8273437954620fa374b796ffaacdd","status":"passed","time":{"start":1692783161996,"stop":1692783183522,"duration":21526},"flaky":false,"newFailed":false,"newPassed":false,"newBroken":false,"retriesCount":0,"retriesStatusChange":false,"parameters":[]},{"name":"Workflow Designer: Controls: Clean Multi Memory Set activity variable using Clean Memory activity","uid":"e73d5017997beb47","parentUid":"b1a8273437954620fa374b796ffaacdd","status":"passed","time":{"start":1692783183526,"stop":1692783210706,"duration":27180},"flaky":false,"newFailed":false,"newPassed":true,"newBroken":false,"retriesCount":0,"retriesStatusChange":false,"parameters":[]},{"name":"Workflow Designer: Create and save a new workflow","uid":"517bc744fc536a1f","parentUid":"b1a8273437954620fa374b796ffaacdd","status":"passed","time":{"start":1692783210710,"stop":1692783243354,"duration":32644},"flaky":false,"newFailed":false,"newPassed":false,"newBroken":false,"retriesCount":0,"retriesStatusChange":false,"parameters":[]},{"name":"Workflow Designer: Controls: Terminate single branch workflow","uid":"f2ee2db08d64c4f4","parentUid":"b1a8273437954620fa374b796ffaacdd","status":"passed","time":{"start":1692783243358,"stop":1692783266334,"duration":22976},"flaky":false,"newFailed":false,"newPassed":false,"newBroken":false,"retriesCount":0,"retriesStatusChange":false,"parameters":[]},{"name":"Workflow Designer: Controls: Create a global variable using Set Memory Activity","uid":"7a3b555b231badf0","parentUid":"b1a8273437954620fa374b796ffaacdd","status":"failed","time":{"start":1692783266341,"stop":1692783283966,"duration":17625},"flaky":false,"newFailed":true,"newPassed":false,"newBroken":false,"retriesCount":0,"retriesStatusChange":false,"parameters":[]},{"name":"Workflow Designer: Controls: Clean Set Memory activity variable using Clean Memory activity","uid":"9b1f242021b6de1d","parentUid":"b1a8273437954620fa374b796ffaacdd","status":"passed","time":{"start":1692783283970,"stop":1692783306091,"duration":22121},"flaky":false,"newFailed":false,"newPassed":false,"newBroken":false,"retriesCount":0,"retriesStatusChange":false,"parameters":[]},{"name":"Workflow Designer: Controls: Try to create workflow with no default If-Else branch","uid":"2c23ca90f7f58fcf","parentUid":"b1a8273437954620fa374b796ffaacdd","status":"passed","time":{"start":1692783306094,"stop":1692783320837,"duration":14743},"flaky":false,"newFailed":false,"newPassed":false,"newBroken":false,"retriesCount":0,"retriesStatusChange":false,"parameters":[]},{"name":"Workflow Designer: Controls: Run Workflow and stop it with Stop Workflow activity","uid":"947bdaaec814ee3a","parentUid":"b1a8273437954620fa374b796ffaacdd","status":"failed","time":{"start":1692783320840,"stop":1692783363253,"duration":42413},"flaky":false,"newFailed":false,"newPassed":false,"newBroken":false,"retriesCount":0,"retriesStatusChange":false,"parameters":[]},{"name":"Workflow Designer: Controls: Parallel execution using Parallel activity","uid":"12ac1b792d5516a7","parentUid":"b1a8273437954620fa374b796ffaacdd","status":"passed","time":{"start":1692783363267,"stop":1692783386536,"duration":23269},"flaky":false,"newFailed":false,"newPassed":false,"newBroken":false,"retriesCount":0,"retriesStatusChange":false,"parameters":[]},{"name":"Workflow Designer: Controls: Default branch of If-Else is executed when logic in other branches does not match result","uid":"77484e26ca489a78","parentUid":"b1a8273437954620fa374b796ffaacdd","status":"passed","time":{"start":1692783386540,"stop":1692783416407,"duration":29867},"flaky":false,"newFailed":false,"newPassed":false,"newBroken":false,"retriesCount":0,"retriesStatusChange":false,"parameters":[]},{"name":"Workflow Designer: Controls: Run Workflow and count the number of active instances using Workflow Counter","uid":"f549559fb9971d2","parentUid":"b1a8273437954620fa374b796ffaacdd","status":"failed","time":{"start":1692783416410,"stop":1692783459626,"duration":43216},"flaky":false,"newFailed":false,"newPassed":false,"newBroken":false,"retriesCount":0,"retriesStatusChange":false,"parameters":[]},{"name":"Workflow Designer: Controls: Verify parallel If-Else branches are evaluated left to right","uid":"890136ec3046713f","parentUid":"b1a8273437954620fa374b796ffaacdd","status":"failed","time":{"start":1692783459637,"stop":1692783507293,"duration":47656},"flaky":false,"newFailed":false,"newPassed":false,"newBroken":false,"retriesCount":0,"retriesStatusChange":false,"parameters":[]},{"name":"Workflow Designer: Controls: Stop While activity with Exit While inside If-Else","uid":"753c6cafcdce653a","parentUid":"b1a8273437954620fa374b796ffaacdd","status":"passed","time":{"start":1692783507297,"stop":1692783533698,"duration":26401},"flaky":false,"newFailed":false,"newPassed":false,"newBroken":false,"retriesCount":0,"retriesStatusChange":false,"parameters":[]},{"name":"Workflow Designer: Controls: Use Display Value activity to show Memory Set activity variable","uid":"4d0ea9c9c10b9266","parentUid":"b1a8273437954620fa374b796ffaacdd","status":"passed","time":{"start":1692783533701,"stop":1692783552663,"duration":18962},"flaky":false,"newFailed":false,"newPassed":false,"newBroken":false,"retriesCount":0,"retriesStatusChange":false,"parameters":[]},{"name":"Workflow Designer: Controls: Lock and unlock remote executor","uid":"a5040cb096ce2114","parentUid":"b1a8273437954620fa374b796ffaacdd","status":"failed","time":{"start":1692783552666,"stop":1692783611260,"duration":58594},"flaky":false,"newFailed":false,"newPassed":false,"newBroken":false,"retriesCount":0,"retriesStatusChange":false,"parameters":[]},{"name":"Workflow Designer: Controls: Verify If-Else user-defined logic is evaluated correctly","uid":"4981e2eebe58fef3","parentUid":"b1a8273437954620fa374b796ffaacdd","status":"passed","time":{"start":1692783611263,"stop":1692783637535,"duration":26272},"flaky":false,"newFailed":false,"newPassed":false,"newBroken":false,"retriesCount":0,"retriesStatusChange":false,"parameters":[]},{"name":"Workflow Designer: Controls: Verify If-Else conditions logic is evaluated correctly","uid":"558c7708e955affa","parentUid":"b1a8273437954620fa374b796ffaacdd","status":"failed","time":{"start":1692783637538,"stop":1692783675887,"duration":38349},"flaky":false,"newFailed":false,"newPassed":false,"newBroken":false,"retriesCount":0,"retriesStatusChange":false,"parameters":[]},{"name":"Workflow Designer: Controls: Try to create Parallel activity with empty branch","uid":"92ecd9dfc9d08574","parentUid":"b1a8273437954620fa374b796ffaacdd","status":"passed","time":{"start":1692783675891,"stop":1692783699855,"duration":23964},"flaky":false,"newFailed":false,"newPassed":false,"newBroken":false,"retriesCount":0,"retriesStatusChange":false,"parameters":[]},{"name":"Workflow Designer: Controls: Display iteration count of While activity","uid":"cb6b894ca32c2fb8","parentUid":"b1a8273437954620fa374b796ffaacdd","status":"passed","time":{"start":1692783699858,"stop":1692783719602,"duration":19744},"flaky":false,"newFailed":false,"newPassed":false,"newBroken":false,"retriesCount":0,"retriesStatusChange":false,"parameters":[]},{"name":"Workflow Permissions: User with Write permission can only perform Read and Write actions on the workflow. Run is forbidden","uid":"5bd3aac7cf600ad1","parentUid":"b1a8273437954620fa374b796ffaacdd","status":"passed","time":{"start":1692783719605,"stop":1692783746954,"duration":27349},"flaky":false,"newFailed":false,"newPassed":false,"newBroken":false,"retriesCount":0,"retriesStatusChange":false,"parameters":[]},{"name":"Workflow Designer: File is scanned when importing a workflow","uid":"d81bb7b40b417792","parentUid":"b1a8273437954620fa374b796ffaacdd","status":"failed","time":{"start":1692783746958,"stop":1692783771393,"duration":24435},"flaky":false,"newFailed":false,"newPassed":false,"newBroken":false,"retriesCount":0,"retriesStatusChange":false,"parameters":[]},{"name":"Workflow Designer: Controls: Use GoTo activity to skip activities","uid":"8eed0981300247f","parentUid":"b1a8273437954620fa374b796ffaacdd","status":"passed","time":{"start":1692783771398,"stop":1692783798275,"duration":26877},"flaky":false,"newFailed":false,"newPassed":false,"newBroken":false,"retriesCount":0,"retriesStatusChange":false,"parameters":[]},{"name":"Workflow Designer: Controls: Nested While activities","uid":"a259024479f36814","parentUid":"b1a8273437954620fa374b796ffaacdd","status":"passed","time":{"start":1692783798278,"stop":1692783824975,"duration":26697},"flaky":false,"newFailed":false,"newPassed":false,"newBroken":false,"retriesCount":0,"retriesStatusChange":false,"parameters":[]},{"name":"Workflow Designer: Controls: Verify If-Else predefined logic is evaluated correctly","uid":"9563d94e79e1ca","parentUid":"b1a8273437954620fa374b796ffaacdd","status":"failed","time":{"start":1692783824978,"stop":1692783863811,"duration":38833},"flaky":false,"newFailed":false,"newPassed":false,"newBroken":false,"retriesCount":0,"retriesStatusChange":false,"parameters":[]},{"name":"Workflow Designer: Controls: Terminate parallel branch using Terminate activity","uid":"ee50e485a47aa049","parentUid":"b1a8273437954620fa374b796ffaacdd","status":"passed","time":{"start":1692783863815,"stop":1692783886533,"duration":22718},"flaky":false,"newFailed":false,"newPassed":false,"newBroken":false,"retriesCount":0,"retriesStatusChange":false,"parameters":[]},{"name":"Workflow Permissions: User with Read permission can only perform read actions on the workflow","uid":"bc9a0633c78188eb","parentUid":"b1a8273437954620fa374b796ffaacdd","status":"passed","time":{"start":1692783886537,"stop":1692783925338,"duration":38801},"flaky":false,"newFailed":false,"newPassed":false,"newBroken":false,"retriesCount":0,"retriesStatusChange":false,"parameters":[]},{"name":"API Access: Send a request to the Event Gateway with JSON body","uid":"a4aeeeae2673eaf","parentUid":"b1a8273437954620fa374b796ffaacdd","status":"skipped","time":{"start":1692783926997,"stop":1692783926997,"duration":0},"flaky":false,"newFailed":false,"newPassed":false,"newBroken":false,"retriesCount":0,"retriesStatusChange":false,"parameters":[]},{"name":"Login: Login user with valid test credentials","uid":"5209cd77e222ae22","parentUid":"b1a8273437954620fa374b796ffaacdd","status":"passed","time":{"start":1692783927672,"stop":1692783931720,"duration":4048},"flaky":false,"newFailed":false,"newPassed":false,"newBroken":false,"retriesCount":0,"retriesStatusChange":false,"parameters":[]},{"name":"Login: Verify user with invalid credentials cannot log in.","uid":"9ac0a4f955b17b4f","parentUid":"b1a8273437954620fa374b796ffaacdd","status":"passed","time":{"start":1692783931723,"stop":1692783934170,"duration":2447},"flaky":false,"newFailed":false,"newPassed":false,"newBroken":false,"retriesCount":0,"retriesStatusChange":false,"parameters":[]},{"name":"Audit Trail: Export Activity logs and verify contents","uid":"ef6fbfe4c57136d3","parentUid":"b1a8273437954620fa374b796ffaacdd","status":"passed","time":{"start":1692783934863,"stop":1692783963712,"duration":28849},"flaky":false,"newFailed":false,"newPassed":false,"newBroken":false,"retriesCount":0,"retriesStatusChange":false,"parameters":[]},{"name":"Audit Trail: Automate Event trigger/condition filtering","uid":"26af30dbffc2d0fd","parentUid":"b1a8273437954620fa374b796ffaacdd","status":"failed","time":{"start":1692783963716,"stop":1692784009112,"duration":45396},"flaky":true,"newFailed":false,"newPassed":false,"newBroken":false,"retriesCount":0,"retriesStatusChange":false,"parameters":[]},{"name":"Audit Trail: Automate an event not matched by any rule","uid":"718df74b0f064ad3","parentUid":"b1a8273437954620fa374b796ffaacdd","status":"passed","time":{"start":1692784009116,"stop":1692784030610,"duration":21494},"flaky":false,"newFailed":false,"newPassed":false,"newBroken":false,"retriesCount":0,"retriesStatusChange":false,"parameters":[]},{"name":"Audit Trail: Navigate to workflow designer and repository from Audit Trail buttons","uid":"ddf54453502996b3","parentUid":"b1a8273437954620fa374b796ffaacdd","status":"passed","time":{"start":1692784030614,"stop":1692784054918,"duration":24304},"flaky":false,"newFailed":false,"newPassed":false,"newBroken":false,"retriesCount":0,"retriesStatusChange":false,"parameters":[]},{"name":"Audit Trail: Automate Event Wizard can be accessed via hamburger menu or button","uid":"692f8719b43ffad7","parentUid":"b1a8273437954620fa374b796ffaacdd","status":"failed","time":{"start":1692784054920,"stop":1692784098024,"duration":43104},"flaky":true,"newFailed":true,"newPassed":false,"newBroken":false,"retriesCount":0,"retriesStatusChange":false,"parameters":[]},{"name":"Audit Trail: Create new condition and trigger via Automate Event","uid":"e66c4551f14171b7","parentUid":"b1a8273437954620fa374b796ffaacdd","status":"failed","time":{"start":1692784098028,"stop":1692784134918,"duration":36890},"flaky":true,"newFailed":false,"newPassed":false,"newBroken":false,"retriesCount":0,"retriesStatusChange":false,"parameters":[]},{"name":"Audit Trail: Verify filter functionality","uid":"5e59da2208e333e5","parentUid":"b1a8273437954620fa374b796ffaacdd","status":"failed","time":{"start":1692784134920,"stop":1692784142242,"duration":7322},"flaky":true,"newFailed":true,"newPassed":false,"newBroken":false,"retriesCount":0,"retriesStatusChange":false,"parameters":[]},{"name":"Audit Trail: Export Audit Trail logs and verify contents","uid":"a74cdd5566ce29f2","parentUid":"b1a8273437954620fa374b796ffaacdd","status":"failed","time":{"start":1692784142244,"stop":1692784180450,"duration":38206},"flaky":false,"newFailed":false,"newPassed":false,"newBroken":false,"retriesCount":0,"retriesStatusChange":false,"parameters":[]},{"name":"Audit Trail: Navigate to workflow designer and repository from Audit Trail hamburger menu","uid":"c9a700b8547a9106","parentUid":"b1a8273437954620fa374b796ffaacdd","status":"passed","time":{"start":1692784180454,"stop":1692784213534,"duration":33080},"flaky":false,"newFailed":false,"newPassed":false,"newBroken":false,"retriesCount":0,"retriesStatusChange":false,"parameters":[]},{"name":"Audit Trail: Event data is displayed properly in Audit Trail and Activity Log","uid":"accb5ce7935775b5","parentUid":"b1a8273437954620fa374b796ffaacdd","status":"passed","time":{"start":1692784213537,"stop":1692784246677,"duration":33140},"flaky":false,"newFailed":false,"newPassed":true,"newBroken":false,"retriesCount":0,"retriesStatusChange":false,"parameters":[]},{"name":"Workflows repository: File scan while uploading an image","uid":"91e1e5611ad9cef2","parentUid":"b1a8273437954620fa374b796ffaacdd","status":"passed","time":{"start":1692784247338,"stop":1692784272852,"duration":25514},"flaky":false,"newFailed":false,"newPassed":false,"newBroken":false,"retriesCount":0,"retriesStatusChange":false,"parameters":[]},{"name":"Triggers: Create trigger and delete it","uid":"ed5ff2bf2d9cf82f","parentUid":"b1a8273437954620fa374b796ffaacdd","status":"passed","time":{"start":1692784273523,"stop":1692784286623,"duration":13100},"flaky":false,"newFailed":false,"newPassed":false,"newBroken":false,"retriesCount":0,"retriesStatusChange":false,"parameters":[]},{"name":"Policy Actions: Incoming event triggers a workflow using Source, Subject and Body conditions","uid":"89dc10c48432c4f5","parentUid":"b1a8273437954620fa374b796ffaacdd","status":"failed","time":{"start":1692784286625,"stop":1692784397302,"duration":110677},"flaky":false,"newFailed":false,"newPassed":false,"newBroken":false,"retriesCount":0,"retriesStatusChange":false,"parameters":[]},{"name":"Self Service Designer: Verify workflow is deleted when form linked to it is deleted","uid":"a214b6876a7bb4dc","parentUid":"b1a8273437954620fa374b796ffaacdd","status":"passed","time":{"start":1692784398186,"stop":1692784426154,"duration":27968},"flaky":false,"newFailed":false,"newPassed":false,"newBroken":false,"retriesCount":0,"retriesStatusChange":false,"parameters":[]},{"name":"Recipients page: Create a new user","uid":"f0e3d74fdfcdb7a9","parentUid":"b1a8273437954620fa374b796ffaacdd","status":"passed","time":{"start":1692784426791,"stop":1692784444443,"duration":17652},"flaky":false,"newFailed":false,"newPassed":false,"newBroken":false,"retriesCount":0,"retriesStatusChange":false,"parameters":[]},{"name":"Condition: Add a custom condition","uid":"6610c944b19c2bd3","parentUid":"b1a8273437954620fa374b796ffaacdd","status":"passed","time":{"start":1692784445080,"stop":1692784489916,"duration":44836},"flaky":false,"newFailed":false,"newPassed":false,"newBroken":false,"retriesCount":0,"retriesStatusChange":false,"parameters":[]},{"name":"Logins: Workflow Editor role can access relevant menu items","uid":"c006aba575dcdb2a","parentUid":"b1a8273437954620fa374b796ffaacdd","status":"failed","time":{"start":1692784490557,"stop":1692784534266,"duration":43709},"flaky":false,"newFailed":false,"newPassed":false,"newBroken":false,"retriesCount":0,"retriesStatusChange":false,"parameters":[]},{"name":"Incident Configuration: Create, update and delete classification","uid":"1c145d66ee36b735","parentUid":"b1a8273437954620fa374b796ffaacdd","status":"failed","time":{"start":1692784534869,"stop":1692784580048,"duration":45179},"flaky":false,"newFailed":true,"newPassed":false,"newBroken":false,"retriesCount":0,"retriesStatusChange":false,"parameters":[]},{"name":"Incident Configuration: Incident from an integration module triggers a workflow","uid":"5661a06e71826552","parentUid":"b1a8273437954620fa374b796ffaacdd","status":"broken","time":{"start":1692784580052,"stop":1692784622022,"duration":41970},"flaky":false,"newFailed":false,"newPassed":false,"newBroken":false,"retriesCount":0,"retriesStatusChange":false,"parameters":[]},{"name":"createUpdateDeleteEventParserTest(CodeLanguageOptions, String) Incident Configuration: Create, update and delete new C_SHARP event parser","uid":"63eec738341b4d69","parentUid":"b1a8273437954620fa374b796ffaacdd","status":"passed","time":{"start":1692784622027,"stop":1692784646528,"duration":24501},"flaky":false,"newFailed":false,"newPassed":false,"newBroken":false,"retriesCount":0,"retriesStatusChange":false,"parameters":["C_SHARP","int HostIndex;\nint ServiceIndex;\nint ClassIndex;\nint StateIndex;\nint InfoIndex;\nint SeverityIndex;\nstring str = body.ToLower();\nServiceIndex = str.IndexOf(\"service: \") + \"service: \".Length;\nHostIndex = str.IndexOf(\"host: \") + \"host: \".Length;\nClassIndex = str.IndexOf(\"description: \") + \"description: \".Length;\nStateIndex = str.IndexOf(\"state: \") + \"state: \".Length;\nSeverityIndex = str.IndexOf(\"severity: \") + \"severity: \".Length;\nInfoIndex = str.IndexOf(\"information: \") + \"information: \".Length;\n\nif (HostIndex >= \"host: \".Length) {\n  Device = body.Substring(HostIndex, str.IndexOf(\"description: \") - HostIndex).Trim();\n} else {\n  Service = body.Substring(ServiceIndex, str.IndexOf(\"description: \") - ServiceIndex).Trim();\n}\n\nClassification = body.Substring(ClassIndex, str.IndexOf(\"state: \") - ClassIndex).Trim();\nState = body.Substring(StateIndex, str.IndexOf(\"severity: \") - StateIndex).Trim();\nSeverity = body.Substring(SeverityIndex, str.IndexOf(\"information: \") - SeverityIndex).Trim();\nInformation = body.Substring(InfoIndex, body.Length - InfoIndex).Trim();\n\nswitch (State.ToLower()) {\ncase \"error\":\ncase \"critical\":\ncase \"unavailable\":\n  State = \"down\";\n  break;\ncase \"ok\":\ncase \"normal\":\ncase \"working\":\n  State = \"up\";\n  break;\ndefault:\n  State = \"down\";\n  break;\n}\n"]},{"name":"createUpdateDeleteEventParserTest(CodeLanguageOptions, String) Incident Configuration: Create, update and delete new VB_NET event parser","uid":"1947a78de09032cf","parentUid":"b1a8273437954620fa374b796ffaacdd","status":"passed","time":{"start":1692784646532,"stop":1692784672153,"duration":25621},"flaky":false,"newFailed":false,"newPassed":false,"newBroken":false,"retriesCount":0,"retriesStatusChange":false,"parameters":["VB_NET","Dim HostIndex As Integer\nDim ServiceIndex As Integer\nDim ClassIndex As Integer\nDim StateIndex As Integer\nDim InfoIndex As Integer\nDim SeverityIndex As Integer\nDim str as string = Body.ToLower\nServiceIndex = str.IndexOf(\"service: \") + Len(\"service: \")\nHostIndex = str.IndexOf(\"host: \") + Len(\"host: \")\nClassIndex = str.IndexOf(\"description: \") + Len(\"description: \")\nStateIndex = str.IndexOf(\"state: \") + Len(\"state: \")\nSeverityIndex = str.IndexOf(\"severity: \") + Len(\"severity: \")\nInfoIndex = str.IndexOf(\"information: \") + Len(\"information: \")\nIf HostIndex >= Len(\"host: \") then\nDevice = trim(Body.Substring(HostIndex, str.IndexOf(\"description: \") - HostIndex))\nElse\nService = trim(Body.Substring(ServiceIndex, str.IndexOf(\"description: \") - ServiceIndex))\nEnd If\nClassification = trim(Body.Substring(ClassIndex, str.IndexOf(\"state: \") - ClassIndex))\nState = trim(Body.Substring(StateIndex, str.IndexOf(\"severity: \") - StateIndex))\nSeverity = trim(Body.Substring(SeverityIndex, str.IndexOf(\"information: \") - SeverityIndex))\nInformation = trim(Body.Substring((InfoIndex), len(Body) - InfoIndex))\nSelect Case Lcase(State)\nCase \"error\", \"critical\", \"unavailable\"\nState = \"down\"\nCase \"ok\", \"normal\", \"working\"\nState = \"up\"\nCase Else\nState = \"down\"\nEnd Select\n"]},{"name":"Self Service Portal: Open result page from the My Request page","uid":"900f6bcb15e5a764","parentUid":"b1a8273437954620fa374b796ffaacdd","status":"failed","time":{"start":1692784673241,"stop":1692784725799,"duration":52558},"flaky":false,"newFailed":false,"newPassed":false,"newBroken":false,"retriesCount":0,"retriesStatusChange":false,"parameters":[]},{"name":"Activity Designer API: Create, update and delete category","uid":"c4a6ff39678e56f3","parentUid":"b1a8273437954620fa374b796ffaacdd","status":"passed","time":{"start":1692784726420,"stop":1692784727604,"duration":1184},"flaky":false,"newFailed":false,"newPassed":false,"newBroken":false,"retriesCount":0,"retriesStatusChange":false,"parameters":[]},{"name":"Self Service Designer API: Create, update and delete a folder","uid":"c83b8da8ea0e44c8","parentUid":"b1a8273437954620fa374b796ffaacdd","status":"passed","time":{"start":1692784728206,"stop":1692784729725,"duration":1519},"flaky":false,"newFailed":false,"newPassed":false,"newBroken":false,"retriesCount":0,"retriesStatusChange":false,"parameters":[]}],"name":"behaviors"}