{"uid":"4b4757e66a1912dae1a509f688f20b0f","children":[{"name":"Product defects","children":[{"name":"1 expectation failed.\nExpected status code <200> but was <403>.\n","children":[{"name":"testCreateActivityAndExecuteIt(CodeLanguageOptions, List) Activity Designer: Create new C_SHARP activity in custom category and execute it","uid":"545e4d519996c8aa","parentUid":"ee2a4ff87663cce4d20d6419a954fcb6","status":"failed","time":{"start":1692782767043,"stop":1692782801204,"duration":34161},"flaky":true,"newFailed":true,"newPassed":false,"newBroken":false,"retriesCount":0,"retriesStatusChange":false,"parameters":["C_SHARP","[using Ayehu.Sdk.ActivityCreation.Interfaces;, namespace Ayehu.Sdk.ActivityCreation, public class CustomActivity: IActivity, public ICustomActivityResult Execute(), return this.GenerateActivityResult(result);]"]},{"name":"testCreateActivityAndExecuteIt(CodeLanguageOptions, List) Activity Designer: Create new VB_NET activity in custom category and execute it","uid":"b7d26700b86afcb6","parentUid":"ee2a4ff87663cce4d20d6419a954fcb6","status":"failed","time":{"start":1692782801230,"stop":1692782831382,"duration":30152},"flaky":false,"newFailed":true,"newPassed":false,"newBroken":false,"retriesCount":0,"retriesStatusChange":false,"parameters":["VB_NET","[Namespace Ayehu.Sdk.ActivityCreation, Imports System.Text, Public Function Execute() As ICustomActivityResult Implements IActivity.Execute, End Namespace]"]},{"name":"Activity Designer: Create new C# activity in custom category and execute it","uid":"1c1195bbbaec1f41","parentUid":"ee2a4ff87663cce4d20d6419a954fcb6","status":"failed","time":{"start":1692782896378,"stop":1692782928289,"duration":31911},"flaky":true,"newFailed":true,"newPassed":false,"newBroken":false,"retriesCount":0,"retriesStatusChange":false,"parameters":[]},{"name":"Workflow Designer: Controls: Create a global variable using Set Memory Activity","uid":"7a3b555b231badf0","parentUid":"ee2a4ff87663cce4d20d6419a954fcb6","status":"failed","time":{"start":1692783266341,"stop":1692783283966,"duration":17625},"flaky":false,"newFailed":true,"newPassed":false,"newBroken":false,"retriesCount":0,"retriesStatusChange":false,"parameters":[]},{"name":"Workflow Designer: File is scanned when importing a workflow","uid":"d81bb7b40b417792","parentUid":"ee2a4ff87663cce4d20d6419a954fcb6","status":"failed","time":{"start":1692783746958,"stop":1692783771393,"duration":24435},"flaky":false,"newFailed":false,"newPassed":false,"newBroken":false,"retriesCount":0,"retriesStatusChange":false,"parameters":[]},{"name":"Audit Trail: Create new condition and trigger via Automate Event","uid":"e66c4551f14171b7","parentUid":"ee2a4ff87663cce4d20d6419a954fcb6","status":"failed","time":{"start":1692784098028,"stop":1692784134918,"duration":36890},"flaky":true,"newFailed":false,"newPassed":false,"newBroken":false,"retriesCount":0,"retriesStatusChange":false,"parameters":[]}],"uid":"ee2a4ff87663cce4d20d6419a954fcb6"},{"name":"Element should have text \"Python activity test completed successfully\" {panel.filter(text \"Workflow Execution Log\")[0]/By.tagName: ngx-datatable/By.xpath: .//datatable-body-row|//datatable-footer.filter(visible)[1]/By.xpath: .//datatable-body-cell|//div[contains(@class, 'footerCell')][6]}\nElement: '<datatable-body-cell class=\"datatable-body-cell result sort-active ng-star-inserted\" tabindex=\"-1\">Python compiler is not found. Python script could not be compiled</datatable-body-cell>'\nActual value: text=\"Python compiler is not found. Python script could not be compiled\"\nScreenshot: file:/home/runner/work/resolve.qa.nightly/resolve.qa.nightly/express-tests/build/reports/tests/com/resolve/test/express/tests/ui/ActivityDesignerTests/testCreateActivityAndExecuteIt/1692782888481.2.png\nPage source: file:/home/runner/work/resolve.qa.nightly/resolve.qa.nightly/express-tests/build/reports/tests/com/resolve/test/express/tests/ui/ActivityDesignerTests/testCreateActivityAndExecuteIt/1692782888481.2.html\nTimeout: 30 s.","children":[{"name":"testCreateActivityAndExecuteIt(CodeLanguageOptions, List) Activity Designer: Create new PYTHON activity in custom category and execute it","uid":"604ddedbd4f450c7","parentUid":"48810eb7f9bdd59d6cb4e8435e9b7dd1","status":"failed","time":{"start":1692782831392,"stop":1692782889092,"duration":57700},"flaky":false,"newFailed":false,"newPassed":false,"newBroken":false,"retriesCount":0,"retriesStatusChange":false,"parameters":["PYTHON","[import sys, def execute(ValueToDisplay):, return ValueToDisplay]"]}],"uid":"48810eb7f9bdd59d6cb4e8435e9b7dd1"},{"name":"Element not found {panel.filter(text \"Integrations\")[0]/By.tagName: ngx-datatable/By.xpath: .//datatable-body-row|//datatable-footer.filter(visible).filter(text \"Jira Module Test slzza2\")[0]/By.className: fa-arrow-up}\nExpected: visible\nScreenshot: file:/home/runner/work/resolve.qa.nightly/resolve.qa.nightly/express-tests/build/reports/tests/com/resolve/test/express/tests/ui/ModuleTests/createJiraModuleTest/1692782984388.4.png\nPage source: file:/home/runner/work/resolve.qa.nightly/resolve.qa.nightly/express-tests/build/reports/tests/com/resolve/test/express/tests/ui/ModuleTests/createJiraModuleTest/1692782984388.4.html\nTimeout: 30 s.\nCaused by: NoSuchElementException: no such element: Unable to locate element: {\"method\":\"css selector\",\"selector\":\".fa\\-arrow\\-up\"}","children":[{"name":"Modules: Create Jira integration module","uid":"a03a44d9c2509a97","parentUid":"dee1890760524069b2d4e40b83a3e022","status":"failed","time":{"start":1692782937290,"stop":1692782985444,"duration":48154},"flaky":false,"newFailed":false,"newPassed":false,"newBroken":false,"retriesCount":0,"retriesStatusChange":false,"parameters":[]}],"uid":"dee1890760524069b2d4e40b83a3e022"},{"name":"Element should have text \"$150\" {By.name: costSavingAmount}\nElement: '<div _ngcontent-nuk-c424 class=\"cost-saving-amount\" name=\"costSavingAmount\">$1</div>'\nActual value: text=\"$1\"\nScreenshot: file:/home/runner/work/resolve.qa.nightly/resolve.qa.nightly/express-tests/build/reports/tests/com/resolve/test/express/tests/ui/AnalyticsDashboardTests/triggeredWorkflowWithConfiguredCostSavingsIsAccountedForInAnalytics/1692783099001.5.png\nPage source: file:/home/runner/work/resolve.qa.nightly/resolve.qa.nightly/express-tests/build/reports/tests/com/resolve/test/express/tests/ui/AnalyticsDashboardTests/triggeredWorkflowWithConfiguredCostSavingsIsAccountedForInAnalytics/1692783099001.5.html\nTimeout: 30 s.","children":[{"name":"Analytics Dashboard: Triggered workflow is accounted in Analytics only once the cost-savings are configured","uid":"46a32c4dd0c8e5de","parentUid":"cfce3c893a0bc657b34b8a3d596cefd7","status":"failed","time":{"start":1692782995844,"stop":1692783099490,"duration":103646},"flaky":false,"newFailed":false,"newPassed":false,"newBroken":false,"retriesCount":0,"retriesStatusChange":false,"parameters":[]}],"uid":"cfce3c893a0bc657b34b8a3d596cefd7"},{"name":"Element should be hidden {.activity-settings-dialog.findBy(visible)}\nElement: '<div class=\"activity-settings-dialog xl-size isVisible\">RunWorkflow\n-\nrunWorkflow1\nRuns a \"child\" Workflow within the current one\nSettings\nError\nHelp\nNotes\nWorkflow Name\nVariables\nName\nValue\nRun in Background\nCancel\nSave</div>'\nActual value: visible\nScreenshot: file:/home/runner/work/resolve.qa.nightly/resolve.qa.nightly/express-tests/build/reports/tests/com/resolve/test/express/tests/ui/WorkflowDesignerTests/runWorkflowAndStopItWithStopWorkflowActivityTest/1692783362721.7.png\nPage source: file:/home/runner/work/resolve.qa.nightly/resolve.qa.nightly/express-tests/build/reports/tests/com/resolve/test/express/tests/ui/WorkflowDesignerTests/runWorkflowAndStopItWithStopWorkflowActivityTest/1692783362721.7.html\nTimeout: 30 s.","children":[{"name":"Workflow Designer: Controls: Run Workflow and stop it with Stop Workflow activity","uid":"947bdaaec814ee3a","parentUid":"e9a6c1db4abd34639a5c6f09399102e7","status":"failed","time":{"start":1692783320840,"stop":1692783363253,"duration":42413},"flaky":false,"newFailed":false,"newPassed":false,"newBroken":false,"retriesCount":0,"retriesStatusChange":false,"parameters":[]}],"uid":"e9a6c1db4abd34639a5c6f09399102e7"},{"name":"Element should be hidden {.activity-settings-dialog.findBy(visible)}\nElement: '<div class=\"activity-settings-dialog xl-size isVisible\">RunWorkflow\n-\nrunWorkflow1\nRuns a \"child\" Workflow within the current one\nSettings\nError\nHelp\nNotes\nWorkflow Name\nVariables\nName\nValue\nRun in Background\nCancel\nSave</div>'\nActual value: visible\nScreenshot: file:/home/runner/work/resolve.qa.nightly/resolve.qa.nightly/express-tests/build/reports/tests/com/resolve/test/express/tests/ui/WorkflowDesignerTests/runWorkflowAndCountTheNumberOfActiveInstancesUsingWorkflowCounterTest/1692783459114.8.png\nPage source: file:/home/runner/work/resolve.qa.nightly/resolve.qa.nightly/express-tests/build/reports/tests/com/resolve/test/express/tests/ui/WorkflowDesignerTests/runWorkflowAndCountTheNumberOfActiveInstancesUsingWorkflowCounterTest/1692783459114.8.html\nTimeout: 30 s.","children":[{"name":"Workflow Designer: Controls: Run Workflow and count the number of active instances using Workflow Counter","uid":"f549559fb9971d2","parentUid":"a44f85d3eae292b2843f76dd86993ef5","status":"failed","time":{"start":1692783416410,"stop":1692783459626,"duration":43216},"flaky":false,"newFailed":false,"newPassed":false,"newBroken":false,"retriesCount":0,"retriesStatusChange":false,"parameters":[]}],"uid":"a44f85d3eae292b2843f76dd86993ef5"},{"name":"Element should be enabled {.activity-settings-dialog.findBy(visible)/By.xpath: .//button[contains(text(), 'Save')]}\nElement: '<button class=\"flr save\" disabled type=\"button\" displayed:false></button>'\nActual value: disabled\nScreenshot: file:/home/runner/work/resolve.qa.nightly/resolve.qa.nightly/express-tests/build/reports/tests/com/resolve/test/express/tests/ui/WorkflowDesignerTests/verifyParallelIfElseBranchesAreEvaluatedLeftToRightTest/1692783506793.9.png\nPage source: file:/home/runner/work/resolve.qa.nightly/resolve.qa.nightly/express-tests/build/reports/tests/com/resolve/test/express/tests/ui/WorkflowDesignerTests/verifyParallelIfElseBranchesAreEvaluatedLeftToRightTest/1692783506793.9.html\nTimeout: 30 s.","children":[{"name":"Workflow Designer: Controls: Verify parallel If-Else branches are evaluated left to right","uid":"890136ec3046713f","parentUid":"e955e5f3ff9b062eebc9bbe7e77ba00b","status":"failed","time":{"start":1692783459637,"stop":1692783507293,"duration":47656},"flaky":false,"newFailed":false,"newPassed":false,"newBroken":false,"retriesCount":0,"retriesStatusChange":false,"parameters":[]}],"uid":"e955e5f3ff9b062eebc9bbe7e77ba00b"},{"name":"Element should have text \"Error\" {panel.filter(text \"Workflow Execution Log\")[0]/By.tagName: ngx-datatable/By.xpath: .//datatable-body-row|//datatable-footer.filter(visible)[2]/By.xpath: .//datatable-body-cell|//div[contains(@class, 'footerCell')][6]}\nElement: '<datatable-body-cell class=\"datatable-body-cell result sort-active ng-star-inserted\" tabindex=\"-1\">Selected module is unavailable</datatable-body-cell>'\nActual value: text=\"Selected module is unavailable\"\nScreenshot: file:/home/runner/work/resolve.qa.nightly/resolve.qa.nightly/express-tests/build/reports/tests/com/resolve/test/express/tests/ui/WorkflowDesignerTests/lockAndUnlockRemoteExecutorTest/1692783610725.10.png\nPage source: file:/home/runner/work/resolve.qa.nightly/resolve.qa.nightly/express-tests/build/reports/tests/com/resolve/test/express/tests/ui/WorkflowDesignerTests/lockAndUnlockRemoteExecutorTest/1692783610725.10.html\nTimeout: 30 s.","children":[{"name":"Workflow Designer: Controls: Lock and unlock remote executor","uid":"a5040cb096ce2114","parentUid":"59d5d7f5722498af51a648bea1b1378b","status":"failed","time":{"start":1692783552666,"stop":1692783611260,"duration":58594},"flaky":false,"newFailed":false,"newPassed":false,"newBroken":false,"retriesCount":0,"retriesStatusChange":false,"parameters":[]}],"uid":"59d5d7f5722498af51a648bea1b1378b"},{"name":"Element should have text \"Status:  Import completed\" {By.xpath: //span[contains(text(), 'Import')]/ancestor::mat-dialog-container|//span[contains(text(),'Import')]/ancestor::div[@class='modal-wrapper relative']}\nElement: '<div class=\"modal-wrapper relative\">Import\nFile name:  If-Else-Condition.zip\n\nStatus:  Conflicts have been found\nWe have found a few conflicts during the process, #1 of 1\n\nVariable Conflict:\n\nA variable item named IFElseGlobalVariable already exists, what would you like to do:\n\nUse existing variable item\nKeep both variable items\nOverwrite variable item\nDo this for all variable items\nNext</div>'\nActual value: text=\"Import\nFile name:  If-Else-Condition.zip\n\nStatus:  Conflicts have been found\nWe have found a few conflicts during the process, #1 of 1\n\nVariable Conflict:\n\nA variable item named IFElseGlobalVariable already exists, what would you like to do:\n\nUse existing variable item\nKeep both variable items\nOverwrite variable item\nDo this for all variable items\nNext\"\nScreenshot: file:/home/runner/work/resolve.qa.nightly/resolve.qa.nightly/express-tests/build/reports/tests/com/resolve/test/express/tests/ui/WorkflowDesignerTests/verifyIfElseConditionsLogicIsEvaluatedCorrectlyTest/1692783675360.11.png\nPage source: file:/home/runner/work/resolve.qa.nightly/resolve.qa.nightly/express-tests/build/reports/tests/com/resolve/test/express/tests/ui/WorkflowDesignerTests/verifyIfElseConditionsLogicIsEvaluatedCorrectlyTest/1692783675360.11.html\nTimeout: 30 s.","children":[{"name":"Workflow Designer: Controls: Verify If-Else conditions logic is evaluated correctly","uid":"558c7708e955affa","parentUid":"9b525fff6203e332b063b0ad97561d88","status":"failed","time":{"start":1692783637538,"stop":1692783675887,"duration":38349},"flaky":false,"newFailed":false,"newPassed":false,"newBroken":false,"retriesCount":0,"retriesStatusChange":false,"parameters":[]}],"uid":"9b525fff6203e332b063b0ad97561d88"},{"name":"Element should have text \"Status:  Import completed\" {By.xpath: //span[contains(text(), 'Import')]/ancestor::mat-dialog-container|//span[contains(text(),'Import')]/ancestor::div[@class='modal-wrapper relative']}\nElement: '<div class=\"modal-wrapper relative\">Import\nFile name:  If-Else-Predefined.zip\n\nStatus:  Conflicts have been found\nWe have found a few conflicts during the process, #1 of 1\n\nUser Conflict:\n\nA user item named nikola already exists, what would you like to do:\n\nUse existing user item\nKeep both user items\nDo this for all user items\nNext</div>'\nActual value: text=\"Import\nFile name:  If-Else-Predefined.zip\n\nStatus:  Conflicts have been found\nWe have found a few conflicts during the process, #1 of 1\n\nUser Conflict:\n\nA user item named nikola already exists, what would you like to do:\n\nUse existing user item\nKeep both user items\nDo this for all user items\nNext\"\nScreenshot: file:/home/runner/work/resolve.qa.nightly/resolve.qa.nightly/express-tests/build/reports/tests/com/resolve/test/express/tests/ui/WorkflowDesignerTests/verifyIfElsePredefinedLogicIsEvaluatedCorrectlyTest/1692783863282.13.png\nPage source: file:/home/runner/work/resolve.qa.nightly/resolve.qa.nightly/express-tests/build/reports/tests/com/resolve/test/express/tests/ui/WorkflowDesignerTests/verifyIfElsePredefinedLogicIsEvaluatedCorrectlyTest/1692783863282.13.html\nTimeout: 30 s.","children":[{"name":"Workflow Designer: Controls: Verify If-Else predefined logic is evaluated correctly","uid":"9563d94e79e1ca","parentUid":"ae420e2b8c87cb05989a36bf62851100","status":"failed","time":{"start":1692783824978,"stop":1692783863811,"duration":38833},"flaky":false,"newFailed":false,"newPassed":false,"newBroken":false,"retriesCount":0,"retriesStatusChange":false,"parameters":[]}],"uid":"ae420e2b8c87cb05989a36bf62851100"},{"name":"Element should be interactable {By.xpath: //span[contains(text(), 'Automate Event')]/ancestor::mat-dialog-container|//span[contains(text(),'Automate Event')]/ancestor::div[@class='modal-wrapper relative']/#idLeftPaneLayout/by tag: button; by text: Apply}\nElement: '<button class=\"primary\" id=\"filters-form-apply\" type=\"button\" displayed:false></button>'\nActual value: hidden, opacity=1\nScreenshot: file:/home/runner/work/resolve.qa.nightly/resolve.qa.nightly/express-tests/build/reports/tests/com/resolve/test/express/tests/ui/AuditTrailTests/automateEventFilteringTest/1692784008556.14.png\nPage source: file:/home/runner/work/resolve.qa.nightly/resolve.qa.nightly/express-tests/build/reports/tests/com/resolve/test/express/tests/ui/AuditTrailTests/automateEventFilteringTest/1692784008556.14.html\nTimeout: 30 s.","children":[{"name":"Audit Trail: Automate Event trigger/condition filtering","uid":"26af30dbffc2d0fd","parentUid":"13f8b50229d1c98b47fc8cc52ba724a0","status":"failed","time":{"start":1692783963716,"stop":1692784009112,"duration":45396},"flaky":true,"newFailed":false,"newPassed":false,"newBroken":false,"retriesCount":0,"retriesStatusChange":false,"parameters":[]}],"uid":"13f8b50229d1c98b47fc8cc52ba724a0"},{"name":"Element not found {By.xpath: //span[contains(text(), 'Automate Event')]/ancestor::mat-dialog-container|//span[contains(text(),'Automate Event')]/ancestor::div[@class='modal-wrapper relative']/By.xpath: .//button[contains(text(), 'Cancel')]}\nExpected: enabled\nScreenshot: file:/home/runner/work/resolve.qa.nightly/resolve.qa.nightly/express-tests/build/reports/tests/com/resolve/test/express/tests/ui/AuditTrailTests/verifyDifferentWaysAutomateEventCanAccessedTest/1692784097455.15.png\nPage source: file:/home/runner/work/resolve.qa.nightly/resolve.qa.nightly/express-tests/build/reports/tests/com/resolve/test/express/tests/ui/AuditTrailTests/verifyDifferentWaysAutomateEventCanAccessedTest/1692784097455.15.html\nTimeout: 30 s.\nCaused by: NoSuchElementException: no such element: Unable to locate element: {\"method\":\"xpath\",\"selector\":\".//button[contains(text(), 'Cancel')]\"}","children":[{"name":"Audit Trail: Automate Event Wizard can be accessed via hamburger menu or button","uid":"692f8719b43ffad7","parentUid":"d8b33145d10e4dafc6a4285172dc903d","status":"failed","time":{"start":1692784054920,"stop":1692784098024,"duration":43104},"flaky":true,"newFailed":true,"newPassed":false,"newBroken":false,"retriesCount":0,"retriesStatusChange":false,"parameters":[]}],"uid":"d8b33145d10e4dafc6a4285172dc903d"},{"name":"No recent workflow name contains: testCreateNewEvent","children":[{"name":"Audit Trail: Verify filter functionality","uid":"5e59da2208e333e5","parentUid":"e61a1d6fe63e23bafd463e6b043dff2c","status":"failed","time":{"start":1692784134920,"stop":1692784142242,"duration":7322},"flaky":true,"newFailed":true,"newPassed":false,"newBroken":false,"retriesCount":0,"retriesStatusChange":false,"parameters":[]}],"uid":"e61a1d6fe63e23bafd463e6b043dff2c"},{"name":"Element should have text \"Status:  Import completed\" {By.xpath: //span[contains(text(), 'Import')]/ancestor::mat-dialog-container|//span[contains(text(),'Import')]/ancestor::div[@class='modal-wrapper relative']}\nElement: '<div class=\"modal-wrapper relative\">Import\nFile name:  Error Handling-Activity Level.zip\n\nStatus:  Conflicts have been found\nWe have found a few conflicts during the process, #1 of 1\n\nError Handling Conflict:\n\nA error handling item named All Errors - Operational already exists, what would you like to do:\n\nUse existing error handling item\nKeep both error handling items\nOverwrite error handling item\nDo this for all error handling items\nNext</div>'\nActual value: text=\"Import\nFile name:  Error Handling-Activity Level.zip\n\nStatus:  Conflicts have been found\nWe have found a few conflicts during the process, #1 of 1\n\nError Handling Conflict:\n\nA error handling item named All Errors - Operational already exists, what would you like to do:\n\nUse existing error handling item\nKeep both error handling items\nOverwrite error handling item\nDo this for all error handling items\nNext\"\nScreenshot: file:/home/runner/work/resolve.qa.nightly/resolve.qa.nightly/express-tests/build/reports/tests/com/resolve/test/express/tests/ui/AuditTrailTests/exportAuditTrailLogsTest/1692784179928.18.png\nPage source: file:/home/runner/work/resolve.qa.nightly/resolve.qa.nightly/express-tests/build/reports/tests/com/resolve/test/express/tests/ui/AuditTrailTests/exportAuditTrailLogsTest/1692784179928.18.html\nTimeout: 30 s.","children":[{"name":"Audit Trail: Export Audit Trail logs and verify contents","uid":"a74cdd5566ce29f2","parentUid":"2d52d56d0491204b524bfda9ebc8346c","status":"failed","time":{"start":1692784142244,"stop":1692784180450,"duration":38206},"flaky":false,"newFailed":false,"newPassed":false,"newBroken":false,"retriesCount":0,"retriesStatusChange":false,"parameters":[]}],"uid":"2d52d56d0491204b524bfda9ebc8346c"},{"name":"Invalid element state [span.label.filter(text \"Source\")[0]/By.xpath: following-sibling::*[1]]: invalid element state: Element is not currently interactable and may not be manipulated\nScreenshot: file:/home/runner/work/resolve.qa.nightly/resolve.qa.nightly/express-tests/build/reports/tests/com/resolve/test/express/tests/ui/PolicyActionsTests/eventTriggersWorkflowUsingBodySubjectSourceConditionsTest/1692784396775.19.png\nPage source: file:/home/runner/work/resolve.qa.nightly/resolve.qa.nightly/express-tests/build/reports/tests/com/resolve/test/express/tests/ui/PolicyActionsTests/eventTriggersWorkflowUsingBodySubjectSourceConditionsTest/1692784396775.19.html\nTimeout: 30 s.\nCaused by: InvalidElementStateException: invalid element state: Element is not currently interactable and may not be manipulated","children":[{"name":"Policy Actions: Incoming event triggers a workflow using Source, Subject and Body conditions","uid":"89dc10c48432c4f5","parentUid":"c9af8e10bb34f6daa067b01afec0e4fe","status":"failed","time":{"start":1692784286625,"stop":1692784397302,"duration":110677},"flaky":false,"newFailed":false,"newPassed":false,"newBroken":false,"retriesCount":0,"retriesStatusChange":false,"parameters":[]}],"uid":"c9af8e10bb34f6daa067b01afec0e4fe"},{"name":"No frame found with id/name: userpilotIframeContainer\nScreenshot: file:/home/runner/work/resolve.qa.nightly/resolve.qa.nightly/express-tests/build/reports/tests/com/resolve/test/express/tests/ui/UserRoleTests/workflowEditorAccessToRelevantPagesTest/1692784533783.20.png\nPage source: file:/home/runner/work/resolve.qa.nightly/resolve.qa.nightly/express-tests/build/reports/tests/com/resolve/test/express/tests/ui/UserRoleTests/workflowEditorAccessToRelevantPagesTest/1692784533783.20.html\nTimeout: 30 s.\nCaused by: TimeoutException: Expected condition failed: waiting for frame to be available: userpilotIframeContainer (tried for 30 second(s) with 200 milliseconds interval)","children":[{"name":"Logins: Workflow Editor role can access relevant menu items","uid":"c006aba575dcdb2a","parentUid":"c25f3ded96aeac9e73e1de481cec86f8","status":"failed","time":{"start":1692784490557,"stop":1692784534266,"duration":43709},"flaky":false,"newFailed":false,"newPassed":false,"newBroken":false,"retriesCount":0,"retriesStatusChange":false,"parameters":[]}],"uid":"c25f3ded96aeac9e73e1de481cec86f8"},{"name":"Element not found {panel.filter(text \"Classifications\")[0]/By.tagName: ngx-datatable/By.xpath: .//datatable-body-row|//datatable-footer.filter(visible).filter(text \"editedtestEhWGPS\")[0]}\nExpected: visible\nScreenshot: file:/home/runner/work/resolve.qa.nightly/resolve.qa.nightly/express-tests/build/reports/tests/com/resolve/test/express/tests/ui/IncidentConfigurationTests/createUpdateDeleteClassificationTest/1692784579575.21.png\nPage source: file:/home/runner/work/resolve.qa.nightly/resolve.qa.nightly/express-tests/build/reports/tests/com/resolve/test/express/tests/ui/IncidentConfigurationTests/createUpdateDeleteClassificationTest/1692784579575.21.html\nTimeout: 30 s.\nCaused by: java.lang.IndexOutOfBoundsException: Index: 0","children":[{"name":"Incident Configuration: Create, update and delete classification","uid":"1c145d66ee36b735","parentUid":"cdf21c5bdb4ad657cafc145b44ccddf8","status":"failed","time":{"start":1692784534869,"stop":1692784580048,"duration":45179},"flaky":false,"newFailed":true,"newPassed":false,"newBroken":false,"retriesCount":0,"retriesStatusChange":false,"parameters":[]}],"uid":"cdf21c5bdb4ad657cafc145b44ccddf8"},{"name":"Element not found {By.id: idLeftPaneLayout/By.xpath: .//span[contains(text(), 'AutoFolderNamePcvtAK')]}\nExpected: enabled\nScreenshot: file:/home/runner/work/resolve.qa.nightly/resolve.qa.nightly/express-tests/build/reports/tests/com/resolve/test/express/tests/ui/SelfServicePortalTests/verifyMyRequestResult/1692784725147.23.png\nPage source: file:/home/runner/work/resolve.qa.nightly/resolve.qa.nightly/express-tests/build/reports/tests/com/resolve/test/express/tests/ui/SelfServicePortalTests/verifyMyRequestResult/1692784725147.23.html\nTimeout: 30 s.\nCaused by: NoSuchElementException: no such element: Unable to locate element: {\"method\":\"xpath\",\"selector\":\".//span[contains(text(), 'AutoFolderNamePcvtAK')]\"}","children":[{"name":"Self Service Portal: Open result page from the My Request page","uid":"900f6bcb15e5a764","parentUid":"1a86db96b4067d64e88d8a2fa85990cf","status":"failed","time":{"start":1692784673241,"stop":1692784725799,"duration":52558},"flaky":false,"newFailed":false,"newPassed":false,"newBroken":false,"retriesCount":0,"retriesStatusChange":false,"parameters":[]}],"uid":"1a86db96b4067d64e88d8a2fa85990cf"}],"uid":"8fb3a91ba5aaf9de24cc8a92edc82b5d"},{"name":"Test defects","children":[{"name":"Index: 2","children":[{"name":"Incident Configuration: Incident from an integration module triggers a workflow","uid":"5661a06e71826552","parentUid":"75fbe4f3e61c026dbbd7a6b4480571e4","status":"broken","time":{"start":1692784580052,"stop":1692784622022,"duration":41970},"flaky":false,"newFailed":false,"newPassed":false,"newBroken":false,"retriesCount":0,"retriesStatusChange":false,"parameters":[]}],"uid":"75fbe4f3e61c026dbbd7a6b4480571e4"}],"uid":"bdbf199525818fae7a8651db9eafe741"}],"name":"categories"}