{"uid":"83edc06c07f9ae9e47eb6dd1b683e4e2","children":[{"name":"com.resolve.test.express.tests","children":[{"name":"ui","children":[{"name":"ActivityDesignerTests","children":[{"name":"deleteCustomCategoryTest","uid":"903d07aa5f2fc4b6","parentUid":"214a76deb0693ce23e4ddc5dfdcabd1d","status":"passed","time":{"start":1692782756487,"stop":1692782766877,"duration":10390},"flaky":false,"newFailed":false,"newPassed":false,"newBroken":false,"retriesCount":0,"retriesStatusChange":false,"parameters":[]},{"name":"testCreateActivityAndExecuteIt","uid":"545e4d519996c8aa","parentUid":"214a76deb0693ce23e4ddc5dfdcabd1d","status":"failed","time":{"start":1692782767043,"stop":1692782801204,"duration":34161},"flaky":true,"newFailed":true,"newPassed":false,"newBroken":false,"retriesCount":0,"retriesStatusChange":false,"parameters":["C_SHARP","[using Ayehu.Sdk.ActivityCreation.Interfaces;, namespace Ayehu.Sdk.ActivityCreation, public class CustomActivity: IActivity, public ICustomActivityResult Execute(), return this.GenerateActivityResult(result);]"]},{"name":"testCreateActivityAndExecuteIt","uid":"b7d26700b86afcb6","parentUid":"214a76deb0693ce23e4ddc5dfdcabd1d","status":"failed","time":{"start":1692782801230,"stop":1692782831382,"duration":30152},"flaky":false,"newFailed":true,"newPassed":false,"newBroken":false,"retriesCount":0,"retriesStatusChange":false,"parameters":["VB_NET","[Namespace Ayehu.Sdk.ActivityCreation, Imports System.Text, Public Function Execute() As ICustomActivityResult Implements IActivity.Execute, End Namespace]"]},{"name":"testCreateActivityAndExecuteIt","uid":"604ddedbd4f450c7","parentUid":"214a76deb0693ce23e4ddc5dfdcabd1d","status":"failed","time":{"start":1692782831392,"stop":1692782889092,"duration":57700},"flaky":false,"newFailed":false,"newPassed":false,"newBroken":false,"retriesCount":0,"retriesStatusChange":false,"parameters":["PYTHON","[import sys, def execute(ValueToDisplay):, return ValueToDisplay]"]},{"name":"renameCategory","uid":"c427f29e653bc340","parentUid":"214a76deb0693ce23e4ddc5dfdcabd1d","status":"passed","time":{"start":1692782889100,"stop":1692782896375,"duration":7275},"flaky":false,"newFailed":false,"newPassed":false,"newBroken":false,"retriesCount":0,"retriesStatusChange":false,"parameters":[]},{"name":"activityDesignerCsharpActivityCreationAndExecution","uid":"1c1195bbbaec1f41","parentUid":"214a76deb0693ce23e4ddc5dfdcabd1d","status":"failed","time":{"start":1692782896378,"stop":1692782928289,"duration":31911},"flaky":true,"newFailed":true,"newPassed":false,"newBroken":false,"retriesCount":0,"retriesStatusChange":false,"parameters":[]},{"name":"createNewCategory","uid":"fc747bcb13b89328","parentUid":"214a76deb0693ce23e4ddc5dfdcabd1d","status":"passed","time":{"start":1692782928298,"stop":1692782936535,"duration":8237},"flaky":false,"newFailed":false,"newPassed":false,"newBroken":false,"retriesCount":0,"retriesStatusChange":false,"parameters":[]}],"uid":"214a76deb0693ce23e4ddc5dfdcabd1d"},{"name":"ModuleTests","children":[{"name":"createJiraModuleTest","uid":"a03a44d9c2509a97","parentUid":"4d5ed1030f36e7f3418ad46cfa1fd08d","status":"failed","time":{"start":1692782937290,"stop":1692782985444,"duration":48154},"flaky":false,"newFailed":false,"newPassed":false,"newBroken":false,"retriesCount":0,"retriesStatusChange":false,"parameters":[]}],"uid":"4d5ed1030f36e7f3418ad46cfa1fd08d"},{"name":"ApiAccessTests","children":[{"name":"generateNewSecretBridgeKeyTest","uid":"471549ee2c8e32c","parentUid":"937b6653989471a1673e35aea1446cb8","status":"skipped","time":{"start":1692782986554,"stop":1692782986554,"duration":0},"flaky":false,"newFailed":false,"newPassed":false,"newBroken":false,"retriesCount":0,"retriesStatusChange":false,"parameters":[]}],"uid":"937b6653989471a1673e35aea1446cb8"},{"name":"ErrorHandlerTests","children":[{"name":"deleteErrorHandlerInGeneralTest","uid":"e5c81b21df63b998","parentUid":"b8912f5b281873f1c045ef6de317a351","status":"passed","time":{"start":1692782987242,"stop":1692782995146,"duration":7904},"flaky":false,"newFailed":false,"newPassed":false,"newBroken":false,"retriesCount":0,"retriesStatusChange":false,"parameters":[]}],"uid":"b8912f5b281873f1c045ef6de317a351"},{"name":"AnalyticsDashboardTests","children":[{"name":"triggeredWorkflowWithConfiguredCostSavingsIsAccountedForInAnalytics","uid":"46a32c4dd0c8e5de","parentUid":"5aeec18de3305b841f0bc8ba8e873326","status":"failed","time":{"start":1692782995844,"stop":1692783099490,"duration":103646},"flaky":false,"newFailed":false,"newPassed":false,"newBroken":false,"retriesCount":0,"retriesStatusChange":false,"parameters":[]}],"uid":"5aeec18de3305b841f0bc8ba8e873326"},{"name":"WorkflowDesignerTests","children":[{"name":"highestWorkflowPermissionAssignedAreAppliedTest","uid":"4a95bc0108113013","parentUid":"5d98db285686e00cc82f12dcbf11c9f7","status":"passed","time":{"start":1692783100168,"stop":1692783161991,"duration":61823},"flaky":false,"newFailed":false,"newPassed":false,"newBroken":false,"retriesCount":0,"retriesStatusChange":false,"parameters":[]},{"name":"appendValueOfSetMemoryActivityByUsingAnotherSetMemoryActivityTest","uid":"2bb6e1375c316fde","parentUid":"5d98db285686e00cc82f12dcbf11c9f7","status":"passed","time":{"start":1692783161996,"stop":1692783183522,"duration":21526},"flaky":false,"newFailed":false,"newPassed":false,"newBroken":false,"retriesCount":0,"retriesStatusChange":false,"parameters":[]},{"name":"cleanMultiMemorySetActivityVariableUsingCleanMemoryActivityTest","uid":"e73d5017997beb47","parentUid":"5d98db285686e00cc82f12dcbf11c9f7","status":"passed","time":{"start":1692783183526,"stop":1692783210706,"duration":27180},"flaky":false,"newFailed":false,"newPassed":true,"newBroken":false,"retriesCount":0,"retriesStatusChange":false,"parameters":[]},{"name":"createAndSaveWorkflowTest","uid":"517bc744fc536a1f","parentUid":"5d98db285686e00cc82f12dcbf11c9f7","status":"passed","time":{"start":1692783210710,"stop":1692783243354,"duration":32644},"flaky":false,"newFailed":false,"newPassed":false,"newBroken":false,"retriesCount":0,"retriesStatusChange":false,"parameters":[]},{"name":"terminateSingleBranchWorkflowTest","uid":"f2ee2db08d64c4f4","parentUid":"5d98db285686e00cc82f12dcbf11c9f7","status":"passed","time":{"start":1692783243358,"stop":1692783266334,"duration":22976},"flaky":false,"newFailed":false,"newPassed":false,"newBroken":false,"retriesCount":0,"retriesStatusChange":false,"parameters":[]},{"name":"createGlobalVariableUsingSetMemoryActivityTest","uid":"7a3b555b231badf0","parentUid":"5d98db285686e00cc82f12dcbf11c9f7","status":"failed","time":{"start":1692783266341,"stop":1692783283966,"duration":17625},"flaky":false,"newFailed":true,"newPassed":false,"newBroken":false,"retriesCount":0,"retriesStatusChange":false,"parameters":[]},{"name":"cleanSetMemoryActivityVariableUsingCleanMemoryActivityTest","uid":"9b1f242021b6de1d","parentUid":"5d98db285686e00cc82f12dcbf11c9f7","status":"passed","time":{"start":1692783283970,"stop":1692783306091,"duration":22121},"flaky":false,"newFailed":false,"newPassed":false,"newBroken":false,"retriesCount":0,"retriesStatusChange":false,"parameters":[]},{"name":"tryToCreateWorkflowWithNoDefaultIfElseBranchTest","uid":"2c23ca90f7f58fcf","parentUid":"5d98db285686e00cc82f12dcbf11c9f7","status":"passed","time":{"start":1692783306094,"stop":1692783320837,"duration":14743},"flaky":false,"newFailed":false,"newPassed":false,"newBroken":false,"retriesCount":0,"retriesStatusChange":false,"parameters":[]},{"name":"runWorkflowAndStopItWithStopWorkflowActivityTest","uid":"947bdaaec814ee3a","parentUid":"5d98db285686e00cc82f12dcbf11c9f7","status":"failed","time":{"start":1692783320840,"stop":1692783363253,"duration":42413},"flaky":false,"newFailed":false,"newPassed":false,"newBroken":false,"retriesCount":0,"retriesStatusChange":false,"parameters":[]},{"name":"parallelExecutionUsingParallelActivityTest","uid":"12ac1b792d5516a7","parentUid":"5d98db285686e00cc82f12dcbf11c9f7","status":"passed","time":{"start":1692783363267,"stop":1692783386536,"duration":23269},"flaky":false,"newFailed":false,"newPassed":false,"newBroken":false,"retriesCount":0,"retriesStatusChange":false,"parameters":[]},{"name":"defaultBranchOfIfElseIsExecutedWhenLogicInOtherBranchesDoesNotMatchResultTest","uid":"77484e26ca489a78","parentUid":"5d98db285686e00cc82f12dcbf11c9f7","status":"passed","time":{"start":1692783386540,"stop":1692783416407,"duration":29867},"flaky":false,"newFailed":false,"newPassed":false,"newBroken":false,"retriesCount":0,"retriesStatusChange":false,"parameters":[]},{"name":"runWorkflowAndCountTheNumberOfActiveInstancesUsingWorkflowCounterTest","uid":"f549559fb9971d2","parentUid":"5d98db285686e00cc82f12dcbf11c9f7","status":"failed","time":{"start":1692783416410,"stop":1692783459626,"duration":43216},"flaky":false,"newFailed":false,"newPassed":false,"newBroken":false,"retriesCount":0,"retriesStatusChange":false,"parameters":[]},{"name":"verifyParallelIfElseBranchesAreEvaluatedLeftToRightTest","uid":"890136ec3046713f","parentUid":"5d98db285686e00cc82f12dcbf11c9f7","status":"failed","time":{"start":1692783459637,"stop":1692783507293,"duration":47656},"flaky":false,"newFailed":false,"newPassed":false,"newBroken":false,"retriesCount":0,"retriesStatusChange":false,"parameters":[]},{"name":"stopWhileActivityWithExitWhileInsideIfElseTest","uid":"753c6cafcdce653a","parentUid":"5d98db285686e00cc82f12dcbf11c9f7","status":"passed","time":{"start":1692783507297,"stop":1692783533698,"duration":26401},"flaky":false,"newFailed":false,"newPassed":false,"newBroken":false,"retriesCount":0,"retriesStatusChange":false,"parameters":[]},{"name":"useDisplayValueActivityToShowMemorySetActivityVariableTest","uid":"4d0ea9c9c10b9266","parentUid":"5d98db285686e00cc82f12dcbf11c9f7","status":"passed","time":{"start":1692783533701,"stop":1692783552663,"duration":18962},"flaky":false,"newFailed":false,"newPassed":false,"newBroken":false,"retriesCount":0,"retriesStatusChange":false,"parameters":[]},{"name":"lockAndUnlockRemoteExecutorTest","uid":"a5040cb096ce2114","parentUid":"5d98db285686e00cc82f12dcbf11c9f7","status":"failed","time":{"start":1692783552666,"stop":1692783611260,"duration":58594},"flaky":false,"newFailed":false,"newPassed":false,"newBroken":false,"retriesCount":0,"retriesStatusChange":false,"parameters":[]},{"name":"verifyIfElseUserDefinedLogicIsEvaluatedCorrectlyTest","uid":"4981e2eebe58fef3","parentUid":"5d98db285686e00cc82f12dcbf11c9f7","status":"passed","time":{"start":1692783611263,"stop":1692783637535,"duration":26272},"flaky":false,"newFailed":false,"newPassed":false,"newBroken":false,"retriesCount":0,"retriesStatusChange":false,"parameters":[]},{"name":"verifyIfElseConditionsLogicIsEvaluatedCorrectlyTest","uid":"558c7708e955affa","parentUid":"5d98db285686e00cc82f12dcbf11c9f7","status":"failed","time":{"start":1692783637538,"stop":1692783675887,"duration":38349},"flaky":false,"newFailed":false,"newPassed":false,"newBroken":false,"retriesCount":0,"retriesStatusChange":false,"parameters":[]},{"name":"tryToCreateParallelActivityWithEmptyBranchTest","uid":"92ecd9dfc9d08574","parentUid":"5d98db285686e00cc82f12dcbf11c9f7","status":"passed","time":{"start":1692783675891,"stop":1692783699855,"duration":23964},"flaky":false,"newFailed":false,"newPassed":false,"newBroken":false,"retriesCount":0,"retriesStatusChange":false,"parameters":[]},{"name":"displayIterationCountOfWhileActivityTest","uid":"cb6b894ca32c2fb8","parentUid":"5d98db285686e00cc82f12dcbf11c9f7","status":"passed","time":{"start":1692783699858,"stop":1692783719602,"duration":19744},"flaky":false,"newFailed":false,"newPassed":false,"newBroken":false,"retriesCount":0,"retriesStatusChange":false,"parameters":[]},{"name":"userWithWritePermissionsCanOnlyPerformReadAndWriteActions","uid":"5bd3aac7cf600ad1","parentUid":"5d98db285686e00cc82f12dcbf11c9f7","status":"passed","time":{"start":1692783719605,"stop":1692783746954,"duration":27349},"flaky":false,"newFailed":false,"newPassed":false,"newBroken":false,"retriesCount":0,"retriesStatusChange":false,"parameters":[]},{"name":"fileScanWhenImportingWorkflowTest","uid":"d81bb7b40b417792","parentUid":"5d98db285686e00cc82f12dcbf11c9f7","status":"failed","time":{"start":1692783746958,"stop":1692783771393,"duration":24435},"flaky":false,"newFailed":false,"newPassed":false,"newBroken":false,"retriesCount":0,"retriesStatusChange":false,"parameters":[]},{"name":"useGoToActivityToSkipActivitiesTest","uid":"8eed0981300247f","parentUid":"5d98db285686e00cc82f12dcbf11c9f7","status":"passed","time":{"start":1692783771398,"stop":1692783798275,"duration":26877},"flaky":false,"newFailed":false,"newPassed":false,"newBroken":false,"retriesCount":0,"retriesStatusChange":false,"parameters":[]},{"name":"nestedWhileActivitiesTest","uid":"a259024479f36814","parentUid":"5d98db285686e00cc82f12dcbf11c9f7","status":"passed","time":{"start":1692783798278,"stop":1692783824975,"duration":26697},"flaky":false,"newFailed":false,"newPassed":false,"newBroken":false,"retriesCount":0,"retriesStatusChange":false,"parameters":[]},{"name":"verifyIfElsePredefinedLogicIsEvaluatedCorrectlyTest","uid":"9563d94e79e1ca","parentUid":"5d98db285686e00cc82f12dcbf11c9f7","status":"failed","time":{"start":1692783824978,"stop":1692783863811,"duration":38833},"flaky":false,"newFailed":false,"newPassed":false,"newBroken":false,"retriesCount":0,"retriesStatusChange":false,"parameters":[]},{"name":"terminateParallelBranchUsingTerminateActivityTest","uid":"ee50e485a47aa049","parentUid":"5d98db285686e00cc82f12dcbf11c9f7","status":"passed","time":{"start":1692783863815,"stop":1692783886533,"duration":22718},"flaky":false,"newFailed":false,"newPassed":false,"newBroken":false,"retriesCount":0,"retriesStatusChange":false,"parameters":[]},{"name":"userWithReadPermissionsCanOnlyPerformReadActions","uid":"bc9a0633c78188eb","parentUid":"5d98db285686e00cc82f12dcbf11c9f7","status":"passed","time":{"start":1692783886537,"stop":1692783925338,"duration":38801},"flaky":false,"newFailed":false,"newPassed":false,"newBroken":false,"retriesCount":0,"retriesStatusChange":false,"parameters":[]}],"uid":"5d98db285686e00cc82f12dcbf11c9f7"},{"name":"EventGatewayTests","children":[{"name":"sendJsonRequestToEventGatewayTest","uid":"a4aeeeae2673eaf","parentUid":"e7e68008222aeb798f14c47c423037e7","status":"skipped","time":{"start":1692783926997,"stop":1692783926997,"duration":0},"flaky":false,"newFailed":false,"newPassed":false,"newBroken":false,"retriesCount":0,"retriesStatusChange":false,"parameters":[]}],"uid":"e7e68008222aeb798f14c47c423037e7"},{"name":"LoginTests","children":[{"name":"loginTestUserWithValidCredentials","uid":"5209cd77e222ae22","parentUid":"d45d89624f4f1d531615e91a8da27a2a","status":"passed","time":{"start":1692783927672,"stop":1692783931720,"duration":4048},"flaky":false,"newFailed":false,"newPassed":false,"newBroken":false,"retriesCount":0,"retriesStatusChange":false,"parameters":[]},{"name":"loginTestUserWithInvalidCredentials","uid":"9ac0a4f955b17b4f","parentUid":"d45d89624f4f1d531615e91a8da27a2a","status":"passed","time":{"start":1692783931723,"stop":1692783934170,"duration":2447},"flaky":false,"newFailed":false,"newPassed":false,"newBroken":false,"retriesCount":0,"retriesStatusChange":false,"parameters":[]}],"uid":"d45d89624f4f1d531615e91a8da27a2a"},{"name":"AuditTrailTests","children":[{"name":"exportActivityLogsTest","uid":"ef6fbfe4c57136d3","parentUid":"8133599d966c8c4bfe6f4a3a5d4e3298","status":"passed","time":{"start":1692783934863,"stop":1692783963712,"duration":28849},"flaky":false,"newFailed":false,"newPassed":false,"newBroken":false,"retriesCount":0,"retriesStatusChange":false,"parameters":[]},{"name":"automateEventFilteringTest","uid":"26af30dbffc2d0fd","parentUid":"8133599d966c8c4bfe6f4a3a5d4e3298","status":"failed","time":{"start":1692783963716,"stop":1692784009112,"duration":45396},"flaky":true,"newFailed":false,"newPassed":false,"newBroken":false,"retriesCount":0,"retriesStatusChange":false,"parameters":[]},{"name":"automateEventNotMatchedByAnyRuleTest","uid":"718df74b0f064ad3","parentUid":"8133599d966c8c4bfe6f4a3a5d4e3298","status":"passed","time":{"start":1692784009116,"stop":1692784030610,"duration":21494},"flaky":false,"newFailed":false,"newPassed":false,"newBroken":false,"retriesCount":0,"retriesStatusChange":false,"parameters":[]},{"name":"navigateToWorkflowDesignerAndRepoFromAuditTrailButtonsTest","uid":"ddf54453502996b3","parentUid":"8133599d966c8c4bfe6f4a3a5d4e3298","status":"passed","time":{"start":1692784030614,"stop":1692784054918,"duration":24304},"flaky":false,"newFailed":false,"newPassed":false,"newBroken":false,"retriesCount":0,"retriesStatusChange":false,"parameters":[]},{"name":"verifyDifferentWaysAutomateEventCanAccessedTest","uid":"692f8719b43ffad7","parentUid":"8133599d966c8c4bfe6f4a3a5d4e3298","status":"failed","time":{"start":1692784054920,"stop":1692784098024,"duration":43104},"flaky":true,"newFailed":true,"newPassed":false,"newBroken":false,"retriesCount":0,"retriesStatusChange":false,"parameters":[]},{"name":"createNewConditionAndTriggerInAutomateEventTest","uid":"e66c4551f14171b7","parentUid":"8133599d966c8c4bfe6f4a3a5d4e3298","status":"failed","time":{"start":1692784098028,"stop":1692784134918,"duration":36890},"flaky":true,"newFailed":false,"newPassed":false,"newBroken":false,"retriesCount":0,"retriesStatusChange":false,"parameters":[]},{"name":"filteringInAuditTrailAndActivityLogTest","uid":"5e59da2208e333e5","parentUid":"8133599d966c8c4bfe6f4a3a5d4e3298","status":"failed","time":{"start":1692784134920,"stop":1692784142242,"duration":7322},"flaky":true,"newFailed":true,"newPassed":false,"newBroken":false,"retriesCount":0,"retriesStatusChange":false,"parameters":[]},{"name":"exportAuditTrailLogsTest","uid":"a74cdd5566ce29f2","parentUid":"8133599d966c8c4bfe6f4a3a5d4e3298","status":"failed","time":{"start":1692784142244,"stop":1692784180450,"duration":38206},"flaky":false,"newFailed":false,"newPassed":false,"newBroken":false,"retriesCount":0,"retriesStatusChange":false,"parameters":[]},{"name":"navigateToWorkflowDesignerAndRepoFromAuditTrailHamburgerMenuTest","uid":"c9a700b8547a9106","parentUid":"8133599d966c8c4bfe6f4a3a5d4e3298","status":"passed","time":{"start":1692784180454,"stop":1692784213534,"duration":33080},"flaky":false,"newFailed":false,"newPassed":false,"newBroken":false,"retriesCount":0,"retriesStatusChange":false,"parameters":[]},{"name":"auditTrailIsDisplayedProperly","uid":"accb5ce7935775b5","parentUid":"8133599d966c8c4bfe6f4a3a5d4e3298","status":"passed","time":{"start":1692784213537,"stop":1692784246677,"duration":33140},"flaky":false,"newFailed":false,"newPassed":true,"newBroken":false,"retriesCount":0,"retriesStatusChange":false,"parameters":[]}],"uid":"8133599d966c8c4bfe6f4a3a5d4e3298"},{"name":"WorkflowRepositoryTests","children":[{"name":"fileScanWhileUploadingImageTest","uid":"91e1e5611ad9cef2","parentUid":"9d237493b7958d60ae58b0f31c7d1de4","status":"passed","time":{"start":1692784247338,"stop":1692784272852,"duration":25514},"flaky":false,"newFailed":false,"newPassed":false,"newBroken":false,"retriesCount":0,"retriesStatusChange":false,"parameters":[]}],"uid":"9d237493b7958d60ae58b0f31c7d1de4"},{"name":"PolicyActionsTests","children":[{"name":"triggerPageBaseFunctionality","uid":"ed5ff2bf2d9cf82f","parentUid":"8b988c0033937cf988d1fffc8f92d3f7","status":"passed","time":{"start":1692784273523,"stop":1692784286623,"duration":13100},"flaky":false,"newFailed":false,"newPassed":false,"newBroken":false,"retriesCount":0,"retriesStatusChange":false,"parameters":[]},{"name":"eventTriggersWorkflowUsingBodySubjectSourceConditionsTest","uid":"89dc10c48432c4f5","parentUid":"8b988c0033937cf988d1fffc8f92d3f7","status":"failed","time":{"start":1692784286625,"stop":1692784397302,"duration":110677},"flaky":false,"newFailed":false,"newPassed":false,"newBroken":false,"retriesCount":0,"retriesStatusChange":false,"parameters":[]}],"uid":"8b988c0033937cf988d1fffc8f92d3f7"},{"name":"SelfServiceDesignerTests","children":[{"name":"deleteSelfServiceFormAndDeleteFormLinkedToForm","uid":"a214b6876a7bb4dc","parentUid":"b015aea132677108181548913e0d071b","status":"passed","time":{"start":1692784398186,"stop":1692784426154,"duration":27968},"flaky":false,"newFailed":false,"newPassed":false,"newBroken":false,"retriesCount":0,"retriesStatusChange":false,"parameters":[]}],"uid":"b015aea132677108181548913e0d071b"},{"name":"RecipientsTests","children":[{"name":"createNewUser","uid":"f0e3d74fdfcdb7a9","parentUid":"2347a08eeb2a65d51b61d83ceae75ab1","status":"passed","time":{"start":1692784426791,"stop":1692784444443,"duration":17652},"flaky":false,"newFailed":false,"newPassed":false,"newBroken":false,"retriesCount":0,"retriesStatusChange":false,"parameters":[]}],"uid":"2347a08eeb2a65d51b61d83ceae75ab1"},{"name":"ConditionTests","children":[{"name":"addCustomConditionTest","uid":"6610c944b19c2bd3","parentUid":"8fcc6aa5fb11fdf81a584c037b0b6f28","status":"passed","time":{"start":1692784445080,"stop":1692784489916,"duration":44836},"flaky":false,"newFailed":false,"newPassed":false,"newBroken":false,"retriesCount":0,"retriesStatusChange":false,"parameters":[]}],"uid":"8fcc6aa5fb11fdf81a584c037b0b6f28"},{"name":"UserRoleTests","children":[{"name":"workflowEditorAccessToRelevantPagesTest","uid":"c006aba575dcdb2a","parentUid":"73912e9c1830a03d67f5d08463e29806","status":"failed","time":{"start":1692784490557,"stop":1692784534266,"duration":43709},"flaky":false,"newFailed":false,"newPassed":false,"newBroken":false,"retriesCount":0,"retriesStatusChange":false,"parameters":[]}],"uid":"73912e9c1830a03d67f5d08463e29806"},{"name":"IncidentConfigurationTests","children":[{"name":"createUpdateDeleteClassificationTest","uid":"1c145d66ee36b735","parentUid":"94dc4fa540101c54a8b3cb3420bf8aae","status":"failed","time":{"start":1692784534869,"stop":1692784580048,"duration":45179},"flaky":false,"newFailed":true,"newPassed":false,"newBroken":false,"retriesCount":0,"retriesStatusChange":false,"parameters":[]},{"name":"incidentFromIntegrationModuleTriggersWorkflowTest","uid":"5661a06e71826552","parentUid":"94dc4fa540101c54a8b3cb3420bf8aae","status":"broken","time":{"start":1692784580052,"stop":1692784622022,"duration":41970},"flaky":false,"newFailed":false,"newPassed":false,"newBroken":false,"retriesCount":0,"retriesStatusChange":false,"parameters":[]},{"name":"createUpdateDeleteEventParserTest","uid":"63eec738341b4d69","parentUid":"94dc4fa540101c54a8b3cb3420bf8aae","status":"passed","time":{"start":1692784622027,"stop":1692784646528,"duration":24501},"flaky":false,"newFailed":false,"newPassed":false,"newBroken":false,"retriesCount":0,"retriesStatusChange":false,"parameters":["C_SHARP","int HostIndex;\nint ServiceIndex;\nint ClassIndex;\nint StateIndex;\nint InfoIndex;\nint SeverityIndex;\nstring str = body.ToLower();\nServiceIndex = str.IndexOf(\"service: \") + \"service: \".Length;\nHostIndex = str.IndexOf(\"host: \") + \"host: \".Length;\nClassIndex = str.IndexOf(\"description: \") + \"description: \".Length;\nStateIndex = str.IndexOf(\"state: \") + \"state: \".Length;\nSeverityIndex = str.IndexOf(\"severity: \") + \"severity: \".Length;\nInfoIndex = str.IndexOf(\"information: \") + \"information: \".Length;\n\nif (HostIndex >= \"host: \".Length) {\n  Device = body.Substring(HostIndex, str.IndexOf(\"description: \") - HostIndex).Trim();\n} else {\n  Service = body.Substring(ServiceIndex, str.IndexOf(\"description: \") - ServiceIndex).Trim();\n}\n\nClassification = body.Substring(ClassIndex, str.IndexOf(\"state: \") - ClassIndex).Trim();\nState = body.Substring(StateIndex, str.IndexOf(\"severity: \") - StateIndex).Trim();\nSeverity = body.Substring(SeverityIndex, str.IndexOf(\"information: \") - SeverityIndex).Trim();\nInformation = body.Substring(InfoIndex, body.Length - InfoIndex).Trim();\n\nswitch (State.ToLower()) {\ncase \"error\":\ncase \"critical\":\ncase \"unavailable\":\n  State = \"down\";\n  break;\ncase \"ok\":\ncase \"normal\":\ncase \"working\":\n  State = \"up\";\n  break;\ndefault:\n  State = \"down\";\n  break;\n}\n"]},{"name":"createUpdateDeleteEventParserTest","uid":"1947a78de09032cf","parentUid":"94dc4fa540101c54a8b3cb3420bf8aae","status":"passed","time":{"start":1692784646532,"stop":1692784672153,"duration":25621},"flaky":false,"newFailed":false,"newPassed":false,"newBroken":false,"retriesCount":0,"retriesStatusChange":false,"parameters":["VB_NET","Dim HostIndex As Integer\nDim ServiceIndex As Integer\nDim ClassIndex As Integer\nDim StateIndex As Integer\nDim InfoIndex As Integer\nDim SeverityIndex As Integer\nDim str as string = Body.ToLower\nServiceIndex = str.IndexOf(\"service: \") + Len(\"service: \")\nHostIndex = str.IndexOf(\"host: \") + Len(\"host: \")\nClassIndex = str.IndexOf(\"description: \") + Len(\"description: \")\nStateIndex = str.IndexOf(\"state: \") + Len(\"state: \")\nSeverityIndex = str.IndexOf(\"severity: \") + Len(\"severity: \")\nInfoIndex = str.IndexOf(\"information: \") + Len(\"information: \")\nIf HostIndex >= Len(\"host: \") then\nDevice = trim(Body.Substring(HostIndex, str.IndexOf(\"description: \") - HostIndex))\nElse\nService = trim(Body.Substring(ServiceIndex, str.IndexOf(\"description: \") - ServiceIndex))\nEnd If\nClassification = trim(Body.Substring(ClassIndex, str.IndexOf(\"state: \") - ClassIndex))\nState = trim(Body.Substring(StateIndex, str.IndexOf(\"severity: \") - StateIndex))\nSeverity = trim(Body.Substring(SeverityIndex, str.IndexOf(\"information: \") - SeverityIndex))\nInformation = trim(Body.Substring((InfoIndex), len(Body) - InfoIndex))\nSelect Case Lcase(State)\nCase \"error\", \"critical\", \"unavailable\"\nState = \"down\"\nCase \"ok\", \"normal\", \"working\"\nState = \"up\"\nCase Else\nState = \"down\"\nEnd Select\n"]}],"uid":"94dc4fa540101c54a8b3cb3420bf8aae"},{"name":"SelfServicePortalTests","children":[{"name":"verifyMyRequestResult","uid":"900f6bcb15e5a764","parentUid":"420540e3965febc673a43c34bbcb9dec","status":"failed","time":{"start":1692784673241,"stop":1692784725799,"duration":52558},"flaky":false,"newFailed":false,"newPassed":false,"newBroken":false,"retriesCount":0,"retriesStatusChange":false,"parameters":[]}],"uid":"420540e3965febc673a43c34bbcb9dec"}],"uid":"729d52130a6052c5a3cbdcf8938be910"},{"name":"api","children":[{"name":"ActivityDesignerApiTests","children":[{"name":"createUpdateDeleteCustomCategory","uid":"c4a6ff39678e56f3","parentUid":"bdd7918e326c76771e4ea08d1776aefd","status":"passed","time":{"start":1692784726420,"stop":1692784727604,"duration":1184},"flaky":false,"newFailed":false,"newPassed":false,"newBroken":false,"retriesCount":0,"retriesStatusChange":false,"parameters":[]}],"uid":"bdd7918e326c76771e4ea08d1776aefd"},{"name":"SelfServiceDesignerApiTests","children":[{"name":"createUpdateDeleteFolder","uid":"c83b8da8ea0e44c8","parentUid":"274b12d45ade9b061b9cff7d94b6a666","status":"passed","time":{"start":1692784728206,"stop":1692784729725,"duration":1519},"flaky":false,"newFailed":false,"newPassed":false,"newBroken":false,"retriesCount":0,"retriesStatusChange":false,"parameters":[]}],"uid":"274b12d45ade9b061b9cff7d94b6a666"}],"uid":"f4a78f28684688e71263e49feb8d865e"}],"uid":"com.resolve.test.express.tests"}],"name":"packages"}