"Status","Start Time","Stop Time","Duration in ms","Parent Suite","Suite","Sub Suite","Test Class","Test Method","Name","Description"
"failed","Wed Aug 23 09:48:54 GMT 2023","Wed Aug 23 09:49:02 GMT 2023","7322","","com.resolve.test.express.tests.ui.AuditTrailTests","","com.resolve.test.express.tests.ui.AuditTrailTests","filteringInAuditTrailAndActivityLogTest","Audit Trail: Verify filter functionality",""
"passed","Wed Aug 23 09:25:56 GMT 2023","Wed Aug 23 09:26:06 GMT 2023","10390","","com.resolve.test.express.tests.ui.ActivityDesignerTests","","com.resolve.test.express.tests.ui.ActivityDesignerTests","deleteCustomCategoryTest","Activity Designer: Delete custom category",""
"failed","Wed Aug 23 09:37:39 GMT 2023","Wed Aug 23 09:38:27 GMT 2023","47656","","com.resolve.test.express.tests.ui.WorkflowDesignerTests","","com.resolve.test.express.tests.ui.WorkflowDesignerTests","verifyParallelIfElseBranchesAreEvaluatedLeftToRightTest","Workflow Designer: Controls: Verify parallel If-Else branches are evaluated left to right",""
"failed","Wed Aug 23 09:55:34 GMT 2023","Wed Aug 23 09:56:20 GMT 2023","45179","","com.resolve.test.express.tests.ui.IncidentConfigurationTests","","com.resolve.test.express.tests.ui.IncidentConfigurationTests","createUpdateDeleteClassificationTest","Incident Configuration: Create, update and delete classification",""
"failed","Wed Aug 23 09:35:20 GMT 2023","Wed Aug 23 09:36:03 GMT 2023","42413","","com.resolve.test.express.tests.ui.WorkflowDesignerTests","","com.resolve.test.express.tests.ui.WorkflowDesignerTests","runWorkflowAndStopItWithStopWorkflowActivityTest","Workflow Designer: Controls: Run Workflow and stop it with Stop Workflow activity",""
"failed","Wed Aug 23 09:47:34 GMT 2023","Wed Aug 23 09:48:18 GMT 2023","43104","","com.resolve.test.express.tests.ui.AuditTrailTests","","com.resolve.test.express.tests.ui.AuditTrailTests","verifyDifferentWaysAutomateEventCanAccessedTest","Audit Trail: Automate Event Wizard can be accessed via hamburger menu or button",""
"passed","Wed Aug 23 09:58:48 GMT 2023","Wed Aug 23 09:58:49 GMT 2023","1519","","com.resolve.test.express.tests.api.SelfServiceDesignerApiTests","","com.resolve.test.express.tests.api.SelfServiceDesignerApiTests","createUpdateDeleteFolder","Self Service Designer API: Create, update and delete a folder",""
"passed","Wed Aug 23 09:44:46 GMT 2023","Wed Aug 23 09:45:25 GMT 2023","38801","","com.resolve.test.express.tests.ui.WorkflowDesignerTests","","com.resolve.test.express.tests.ui.WorkflowDesignerTests","userWithReadPermissionsCanOnlyPerformReadActions","Workflow Permissions: User with Read permission can only perform read actions on the workflow",""
"passed","Wed Aug 23 09:53:18 GMT 2023","Wed Aug 23 09:53:46 GMT 2023","27968","","com.resolve.test.express.tests.ui.SelfServiceDesignerTests","","com.resolve.test.express.tests.ui.SelfServiceDesignerTests","deleteSelfServiceFormAndDeleteFormLinkedToForm","Self Service Designer: Verify workflow is deleted when form linked to it is deleted","Test covers a case when creating form and link to it some workflow and after then delete form and delete workflow. To ensure that form and workflow are deleted."
"passed","Wed Aug 23 09:50:13 GMT 2023","Wed Aug 23 09:50:46 GMT 2023","33140","","com.resolve.test.express.tests.ui.AuditTrailTests","","com.resolve.test.express.tests.ui.AuditTrailTests","auditTrailIsDisplayedProperly","Audit Trail: Event data is displayed properly in Audit Trail and Activity Log",""
"failed","Wed Aug 23 09:57:53 GMT 2023","Wed Aug 23 09:58:45 GMT 2023","52558","","com.resolve.test.express.tests.ui.SelfServicePortalTests","","com.resolve.test.express.tests.ui.SelfServicePortalTests","verifyMyRequestResult","Self Service Portal: Open result page from the My Request page","Make sure that page is opened (popup) after click on the 'Eye' icon and all displayed data is ok"
"passed","Wed Aug 23 09:29:47 GMT 2023","Wed Aug 23 09:29:55 GMT 2023","7904","","com.resolve.test.express.tests.ui.ErrorHandlerTests","","com.resolve.test.express.tests.ui.ErrorHandlerTests","deleteErrorHandlerInGeneralTest","Create and delete error handler","Make sure that Error Handler was deleted successfully"
"failed","Wed Aug 23 09:28:16 GMT 2023","Wed Aug 23 09:28:48 GMT 2023","31911","","com.resolve.test.express.tests.ui.ActivityDesignerTests","","com.resolve.test.express.tests.ui.ActivityDesignerTests","activityDesignerCsharpActivityCreationAndExecution","Activity Designer: Create new C# activity in custom category and execute it","Creating new activity in new category with C# code and verify it is correctly executed."
"passed","Wed Aug 23 09:53:46 GMT 2023","Wed Aug 23 09:54:04 GMT 2023","17652","","com.resolve.test.express.tests.ui.RecipientsTests","","com.resolve.test.express.tests.ui.RecipientsTests","createNewUser","Recipients page: Create a new user",""
"passed","Wed Aug 23 09:41:59 GMT 2023","Wed Aug 23 09:42:26 GMT 2023","27349","","com.resolve.test.express.tests.ui.WorkflowDesignerTests","","com.resolve.test.express.tests.ui.WorkflowDesignerTests","userWithWritePermissionsCanOnlyPerformReadAndWriteActions","Workflow Permissions: User with Write permission can only perform Read and Write actions on the workflow. Run is forbidden",""
"passed","Wed Aug 23 09:45:27 GMT 2023","Wed Aug 23 09:45:31 GMT 2023","4048","","com.resolve.test.express.tests.ui.LoginTests","","com.resolve.test.express.tests.ui.LoginTests","loginTestUserWithValidCredentials","Login: Login user with valid test credentials","Verify test user is successfully logged in when valid credentials are provided."
"passed","Wed Aug 23 09:45:34 GMT 2023","Wed Aug 23 09:46:03 GMT 2023","28849","","com.resolve.test.express.tests.ui.AuditTrailTests","","com.resolve.test.express.tests.ui.AuditTrailTests","exportActivityLogsTest","Audit Trail: Export Activity logs and verify contents",""
"passed","Wed Aug 23 09:47:10 GMT 2023","Wed Aug 23 09:47:34 GMT 2023","24304","","com.resolve.test.express.tests.ui.AuditTrailTests","","com.resolve.test.express.tests.ui.AuditTrailTests","navigateToWorkflowDesignerAndRepoFromAuditTrailButtonsTest","Audit Trail: Navigate to workflow designer and repository from Audit Trail buttons",""
"failed","Wed Aug 23 09:51:26 GMT 2023","Wed Aug 23 09:53:17 GMT 2023","110677","","com.resolve.test.express.tests.ui.PolicyActionsTests","","com.resolve.test.express.tests.ui.PolicyActionsTests","eventTriggersWorkflowUsingBodySubjectSourceConditionsTest","Policy Actions: Incoming event triggers a workflow using Source, Subject and Body conditions",""
"passed","Wed Aug 23 09:58:46 GMT 2023","Wed Aug 23 09:58:47 GMT 2023","1184","","com.resolve.test.express.tests.api.ActivityDesignerApiTests","","com.resolve.test.express.tests.api.ActivityDesignerApiTests","createUpdateDeleteCustomCategory","Activity Designer API: Create, update and delete category","Creating custom category and renaming it. Trying to create new category with the renamed category name (fails due to name already existing). In the end category is deleted"
"passed","Wed Aug 23 09:57:26 GMT 2023","Wed Aug 23 09:57:52 GMT 2023","25621","","com.resolve.test.express.tests.ui.IncidentConfigurationTests","","com.resolve.test.express.tests.ui.IncidentConfigurationTests","createUpdateDeleteEventParserTest","createUpdateDeleteEventParserTest(CodeLanguageOptions, String) Incident Configuration: Create, update and delete new VB_NET event parser",""
"passed","Wed Aug 23 09:45:31 GMT 2023","Wed Aug 23 09:45:34 GMT 2023","2447","","com.resolve.test.express.tests.ui.LoginTests","","com.resolve.test.express.tests.ui.LoginTests","loginTestUserWithInvalidCredentials","Login: Verify user with invalid credentials cannot log in.","Verify test user is not able to login when using invalid credentials. Appropriate error message should be displayed after invalid credentials are provided."
"passed","Wed Aug 23 09:54:05 GMT 2023","Wed Aug 23 09:54:49 GMT 2023","44836","","com.resolve.test.express.tests.ui.ConditionTests","","com.resolve.test.express.tests.ui.ConditionTests","addCustomConditionTest","Condition: Add a custom condition",""
"failed","Wed Aug 23 09:49:02 GMT 2023","Wed Aug 23 09:49:40 GMT 2023","38206","","com.resolve.test.express.tests.ui.AuditTrailTests","","com.resolve.test.express.tests.ui.AuditTrailTests","exportAuditTrailLogsTest","Audit Trail: Export Audit Trail logs and verify contents",""
"passed","Wed Aug 23 09:28:48 GMT 2023","Wed Aug 23 09:28:56 GMT 2023","8237","","com.resolve.test.express.tests.ui.ActivityDesignerTests","","com.resolve.test.express.tests.ui.ActivityDesignerTests","createNewCategory","Activity Designer: Create custom category","Create new category and verify controls in UI"
"passed","Wed Aug 23 09:28:09 GMT 2023","Wed Aug 23 09:28:16 GMT 2023","7275","","com.resolve.test.express.tests.ui.ActivityDesignerTests","","com.resolve.test.express.tests.ui.ActivityDesignerTests","renameCategory","Activity Designer: Rename category","Create new custom test category through API call and then rename it"
"passed","Wed Aug 23 09:36:26 GMT 2023","Wed Aug 23 09:36:56 GMT 2023","29867","","com.resolve.test.express.tests.ui.WorkflowDesignerTests","","com.resolve.test.express.tests.ui.WorkflowDesignerTests","defaultBranchOfIfElseIsExecutedWhenLogicInOtherBranchesDoesNotMatchResultTest","Workflow Designer: Controls: Default branch of If-Else is executed when logic in other branches does not match result",""
"passed","Wed Aug 23 09:43:18 GMT 2023","Wed Aug 23 09:43:44 GMT 2023","26697","","com.resolve.test.express.tests.ui.WorkflowDesignerTests","","com.resolve.test.express.tests.ui.WorkflowDesignerTests","nestedWhileActivitiesTest","Workflow Designer: Controls: Nested While activities",""
"passed","Wed Aug 23 09:34:43 GMT 2023","Wed Aug 23 09:35:06 GMT 2023","22121","","com.resolve.test.express.tests.ui.WorkflowDesignerTests","","com.resolve.test.express.tests.ui.WorkflowDesignerTests","cleanSetMemoryActivityVariableUsingCleanMemoryActivityTest","Workflow Designer: Controls: Clean Set Memory activity variable using Clean Memory activity",""
"passed","Wed Aug 23 09:38:27 GMT 2023","Wed Aug 23 09:38:53 GMT 2023","26401","","com.resolve.test.express.tests.ui.WorkflowDesignerTests","","com.resolve.test.express.tests.ui.WorkflowDesignerTests","stopWhileActivityWithExitWhileInsideIfElseTest","Workflow Designer: Controls: Stop While activity with Exit While inside If-Else",""
"skipped","Wed Aug 23 09:45:26 GMT 2023","Wed Aug 23 09:45:26 GMT 2023","0","","com.resolve.test.express.tests.ui.EventGatewayTests","","com.resolve.test.express.tests.ui.EventGatewayTests","sendJsonRequestToEventGatewayTest","API Access: Send a request to the Event Gateway with JSON body",""
"failed","Wed Aug 23 09:40:37 GMT 2023","Wed Aug 23 09:41:15 GMT 2023","38349","","com.resolve.test.express.tests.ui.WorkflowDesignerTests","","com.resolve.test.express.tests.ui.WorkflowDesignerTests","verifyIfElseConditionsLogicIsEvaluatedCorrectlyTest","Workflow Designer: Controls: Verify If-Else conditions logic is evaluated correctly",""
"failed","Wed Aug 23 09:36:56 GMT 2023","Wed Aug 23 09:37:39 GMT 2023","43216","","com.resolve.test.express.tests.ui.WorkflowDesignerTests","","com.resolve.test.express.tests.ui.WorkflowDesignerTests","runWorkflowAndCountTheNumberOfActiveInstancesUsingWorkflowCounterTest","Workflow Designer: Controls: Run Workflow and count the number of active instances using Workflow Counter",""
"passed","Wed Aug 23 09:32:41 GMT 2023","Wed Aug 23 09:33:03 GMT 2023","21526","","com.resolve.test.express.tests.ui.WorkflowDesignerTests","","com.resolve.test.express.tests.ui.WorkflowDesignerTests","appendValueOfSetMemoryActivityByUsingAnotherSetMemoryActivityTest","Workflow Designer: Controls: Append value of Set Memory activity by using another Set Memory activity",""
"passed","Wed Aug 23 09:41:15 GMT 2023","Wed Aug 23 09:41:39 GMT 2023","23964","","com.resolve.test.express.tests.ui.WorkflowDesignerTests","","com.resolve.test.express.tests.ui.WorkflowDesignerTests","tryToCreateParallelActivityWithEmptyBranchTest","Workflow Designer: Controls: Try to create Parallel activity with empty branch",""
"passed","Wed Aug 23 09:57:02 GMT 2023","Wed Aug 23 09:57:26 GMT 2023","24501","","com.resolve.test.express.tests.ui.IncidentConfigurationTests","","com.resolve.test.express.tests.ui.IncidentConfigurationTests","createUpdateDeleteEventParserTest","createUpdateDeleteEventParserTest(CodeLanguageOptions, String) Incident Configuration: Create, update and delete new C_SHARP event parser",""
"passed","Wed Aug 23 09:50:47 GMT 2023","Wed Aug 23 09:51:12 GMT 2023","25514","","com.resolve.test.express.tests.ui.WorkflowRepositoryTests","","com.resolve.test.express.tests.ui.WorkflowRepositoryTests","fileScanWhileUploadingImageTest","Workflows repository: File scan while uploading an image",""
"failed","Wed Aug 23 09:26:07 GMT 2023","Wed Aug 23 09:26:41 GMT 2023","34161","","com.resolve.test.express.tests.ui.ActivityDesignerTests","","com.resolve.test.express.tests.ui.ActivityDesignerTests","testCreateActivityAndExecuteIt","testCreateActivityAndExecuteIt(CodeLanguageOptions, List) Activity Designer: Create new C_SHARP activity in custom category and execute it","Test sweeps all code activity language options. Create new activity with unique name into a custom category. Then create workflow containing created activity and execute it. Verify execution log."
"failed","Wed Aug 23 09:48:18 GMT 2023","Wed Aug 23 09:48:54 GMT 2023","36890","","com.resolve.test.express.tests.ui.AuditTrailTests","","com.resolve.test.express.tests.ui.AuditTrailTests","createNewConditionAndTriggerInAutomateEventTest","Audit Trail: Create new condition and trigger via Automate Event",""
"passed","Wed Aug 23 09:38:53 GMT 2023","Wed Aug 23 09:39:12 GMT 2023","18962","","com.resolve.test.express.tests.ui.WorkflowDesignerTests","","com.resolve.test.express.tests.ui.WorkflowDesignerTests","useDisplayValueActivityToShowMemorySetActivityVariableTest","Workflow Designer: Controls: Use Display Value activity to show Memory Set activity variable",""
"passed","Wed Aug 23 09:33:03 GMT 2023","Wed Aug 23 09:33:30 GMT 2023","27180","","com.resolve.test.express.tests.ui.WorkflowDesignerTests","","com.resolve.test.express.tests.ui.WorkflowDesignerTests","cleanMultiMemorySetActivityVariableUsingCleanMemoryActivityTest","Workflow Designer: Controls: Clean Multi Memory Set activity variable using Clean Memory activity",""
"failed","Wed Aug 23 09:43:44 GMT 2023","Wed Aug 23 09:44:23 GMT 2023","38833","","com.resolve.test.express.tests.ui.WorkflowDesignerTests","","com.resolve.test.express.tests.ui.WorkflowDesignerTests","verifyIfElsePredefinedLogicIsEvaluatedCorrectlyTest","Workflow Designer: Controls: Verify If-Else predefined logic is evaluated correctly",""
"passed","Wed Aug 23 09:35:06 GMT 2023","Wed Aug 23 09:35:20 GMT 2023","14743","","com.resolve.test.express.tests.ui.WorkflowDesignerTests","","com.resolve.test.express.tests.ui.WorkflowDesignerTests","tryToCreateWorkflowWithNoDefaultIfElseBranchTest","Workflow Designer: Controls: Try to create workflow with no default If-Else branch",""
"failed","Wed Aug 23 09:26:41 GMT 2023","Wed Aug 23 09:27:11 GMT 2023","30152","","com.resolve.test.express.tests.ui.ActivityDesignerTests","","com.resolve.test.express.tests.ui.ActivityDesignerTests","testCreateActivityAndExecuteIt","testCreateActivityAndExecuteIt(CodeLanguageOptions, List) Activity Designer: Create new VB_NET activity in custom category and execute it","Test sweeps all code activity language options. Create new activity with unique name into a custom category. Then create workflow containing created activity and execute it. Verify execution log."
"failed","Wed Aug 23 09:29:55 GMT 2023","Wed Aug 23 09:31:39 GMT 2023","103646","","com.resolve.test.express.tests.ui.AnalyticsDashboardTests","","com.resolve.test.express.tests.ui.AnalyticsDashboardTests","triggeredWorkflowWithConfiguredCostSavingsIsAccountedForInAnalytics","Analytics Dashboard: Triggered workflow is accounted in Analytics only once the cost-savings are configured",""
"passed","Wed Aug 23 09:42:51 GMT 2023","Wed Aug 23 09:43:18 GMT 2023","26877","","com.resolve.test.express.tests.ui.WorkflowDesignerTests","","com.resolve.test.express.tests.ui.WorkflowDesignerTests","useGoToActivityToSkipActivitiesTest","Workflow Designer: Controls: Use GoTo activity to skip activities",""
"failed","Wed Aug 23 09:39:12 GMT 2023","Wed Aug 23 09:40:11 GMT 2023","58594","","com.resolve.test.express.tests.ui.WorkflowDesignerTests","","com.resolve.test.express.tests.ui.WorkflowDesignerTests","lockAndUnlockRemoteExecutorTest","Workflow Designer: Controls: Lock and unlock remote executor",""
"failed","Wed Aug 23 09:42:26 GMT 2023","Wed Aug 23 09:42:51 GMT 2023","24435","","com.resolve.test.express.tests.ui.WorkflowDesignerTests","","com.resolve.test.express.tests.ui.WorkflowDesignerTests","fileScanWhenImportingWorkflowTest","Workflow Designer: File is scanned when importing a workflow",""
"failed","Wed Aug 23 09:34:26 GMT 2023","Wed Aug 23 09:34:43 GMT 2023","17625","","com.resolve.test.express.tests.ui.WorkflowDesignerTests","","com.resolve.test.express.tests.ui.WorkflowDesignerTests","createGlobalVariableUsingSetMemoryActivityTest","Workflow Designer: Controls: Create a global variable using Set Memory Activity",""
"passed","Wed Aug 23 09:49:40 GMT 2023","Wed Aug 23 09:50:13 GMT 2023","33080","","com.resolve.test.express.tests.ui.AuditTrailTests","","com.resolve.test.express.tests.ui.AuditTrailTests","navigateToWorkflowDesignerAndRepoFromAuditTrailHamburgerMenuTest","Audit Trail: Navigate to workflow designer and repository from Audit Trail hamburger menu",""
"passed","Wed Aug 23 09:44:23 GMT 2023","Wed Aug 23 09:44:46 GMT 2023","22718","","com.resolve.test.express.tests.ui.WorkflowDesignerTests","","com.resolve.test.express.tests.ui.WorkflowDesignerTests","terminateParallelBranchUsingTerminateActivityTest","Workflow Designer: Controls: Terminate parallel branch using Terminate activity",""
"passed","Wed Aug 23 09:33:30 GMT 2023","Wed Aug 23 09:34:03 GMT 2023","32644","","com.resolve.test.express.tests.ui.WorkflowDesignerTests","","com.resolve.test.express.tests.ui.WorkflowDesignerTests","createAndSaveWorkflowTest","Workflow Designer: Create and save a new workflow",""
"passed","Wed Aug 23 09:31:40 GMT 2023","Wed Aug 23 09:32:41 GMT 2023","61823","","com.resolve.test.express.tests.ui.WorkflowDesignerTests","","com.resolve.test.express.tests.ui.WorkflowDesignerTests","highestWorkflowPermissionAssignedAreAppliedTest","Workflow Permissions: Highest workflows permission assigned to a user is applied",""
"passed","Wed Aug 23 09:40:11 GMT 2023","Wed Aug 23 09:40:37 GMT 2023","26272","","com.resolve.test.express.tests.ui.WorkflowDesignerTests","","com.resolve.test.express.tests.ui.WorkflowDesignerTests","verifyIfElseUserDefinedLogicIsEvaluatedCorrectlyTest","Workflow Designer: Controls: Verify If-Else user-defined logic is evaluated correctly",""
"skipped","Wed Aug 23 09:29:46 GMT 2023","Wed Aug 23 09:29:46 GMT 2023","0","","com.resolve.test.express.tests.ui.ApiAccessTests","","com.resolve.test.express.tests.ui.ApiAccessTests","generateNewSecretBridgeKeyTest","API access: Generate new bridge key","Verify admin user could generate new bridge key"
"passed","Wed Aug 23 09:41:39 GMT 2023","Wed Aug 23 09:41:59 GMT 2023","19744","","com.resolve.test.express.tests.ui.WorkflowDesignerTests","","com.resolve.test.express.tests.ui.WorkflowDesignerTests","displayIterationCountOfWhileActivityTest","Workflow Designer: Controls: Display iteration count of While activity",""
"failed","Wed Aug 23 09:27:11 GMT 2023","Wed Aug 23 09:28:09 GMT 2023","57700","","com.resolve.test.express.tests.ui.ActivityDesignerTests","","com.resolve.test.express.tests.ui.ActivityDesignerTests","testCreateActivityAndExecuteIt","testCreateActivityAndExecuteIt(CodeLanguageOptions, List) Activity Designer: Create new PYTHON activity in custom category and execute it","Test sweeps all code activity language options. Create new activity with unique name into a custom category. Then create workflow containing created activity and execute it. Verify execution log."
"failed","Wed Aug 23 09:28:57 GMT 2023","Wed Aug 23 09:29:45 GMT 2023","48154","","com.resolve.test.express.tests.ui.ModuleTests","","com.resolve.test.express.tests.ui.ModuleTests","createJiraModuleTest","Modules: Create Jira integration module",""
"failed","Wed Aug 23 09:46:03 GMT 2023","Wed Aug 23 09:46:49 GMT 2023","45396","","com.resolve.test.express.tests.ui.AuditTrailTests","","com.resolve.test.express.tests.ui.AuditTrailTests","automateEventFilteringTest","Audit Trail: Automate Event trigger/condition filtering",""
"broken","Wed Aug 23 09:56:20 GMT 2023","Wed Aug 23 09:57:02 GMT 2023","41970","","com.resolve.test.express.tests.ui.IncidentConfigurationTests","","com.resolve.test.express.tests.ui.IncidentConfigurationTests","incidentFromIntegrationModuleTriggersWorkflowTest","Incident Configuration: Incident from an integration module triggers a workflow",""
"passed","Wed Aug 23 09:36:03 GMT 2023","Wed Aug 23 09:36:26 GMT 2023","23269","","com.resolve.test.express.tests.ui.WorkflowDesignerTests","","com.resolve.test.express.tests.ui.WorkflowDesignerTests","parallelExecutionUsingParallelActivityTest","Workflow Designer: Controls: Parallel execution using Parallel activity",""
"passed","Wed Aug 23 09:51:13 GMT 2023","Wed Aug 23 09:51:26 GMT 2023","13100","","com.resolve.test.express.tests.ui.PolicyActionsTests","","com.resolve.test.express.tests.ui.PolicyActionsTests","triggerPageBaseFunctionality","Triggers: Create trigger and delete it",""
"passed","Wed Aug 23 09:46:49 GMT 2023","Wed Aug 23 09:47:10 GMT 2023","21494","","com.resolve.test.express.tests.ui.AuditTrailTests","","com.resolve.test.express.tests.ui.AuditTrailTests","automateEventNotMatchedByAnyRuleTest","Audit Trail: Automate an event not matched by any rule",""
"failed","Wed Aug 23 09:54:50 GMT 2023","Wed Aug 23 09:55:34 GMT 2023","43709","","com.resolve.test.express.tests.ui.UserRoleTests","","com.resolve.test.express.tests.ui.UserRoleTests","workflowEditorAccessToRelevantPagesTest","Logins: Workflow Editor role can access relevant menu items",""
"passed","Wed Aug 23 09:34:03 GMT 2023","Wed Aug 23 09:34:26 GMT 2023","22976","","com.resolve.test.express.tests.ui.WorkflowDesignerTests","","com.resolve.test.express.tests.ui.WorkflowDesignerTests","terminateSingleBranchWorkflowTest","Workflow Designer: Controls: Terminate single branch workflow",""
