[{"buildOrder":67,"reportUrl":"https://resolve-io.github.io/resolve.qa.nightly/67/","reportName":"Allure Report with history","data":{"Product defects":23,"Test defects":1}},{"buildOrder":66,"reportUrl":"https://resolve-io.github.io/resolve.qa.nightly/66/","reportName":"Allure Report with history","data":{"Product defects":18,"Test defects":1}},{"buildOrder":65,"reportUrl":"https://resolve-io.github.io/resolve.qa.nightly/65/","reportName":"Allure Report with history","data":{"Product defects":21,"Test defects":1}},{"buildOrder":64,"reportUrl":"https://resolve-io.github.io/resolve.qa.nightly/64/","reportName":"Allure Report with history","data":{"Product defects":18,"Test defects":2}},{"buildOrder":63,"reportUrl":"https://resolve-io.github.io/resolve.qa.nightly/63/","reportName":"Allure Report with history","data":{"Product defects":20,"Test defects":2}},{"buildOrder":62,"reportUrl":"https://resolve-io.github.io/resolve.qa.nightly/62/","reportName":"Allure Report with history","data":{"Product defects":19,"Test defects":2}},{"buildOrder":61,"reportUrl":"https://resolve-io.github.io/resolve.qa.nightly/61/","reportName":"Allure Report with history","data":{"Product defects":17,"Test defects":2}},{"buildOrder":60,"reportUrl":"https://resolve-io.github.io/resolve.qa.nightly/60/","reportName":"Allure Report with history","data":{"Product defects":20,"Test defects":2}},{"buildOrder":59,"reportUrl":"https://resolve-io.github.io/resolve.qa.nightly/59/","reportName":"Allure Report with history","data":{"Product defects":17,"Test defects":4}},{"buildOrder":58,"reportUrl":"https://resolve-io.github.io/resolve.qa.nightly/58/","reportName":"Allure Report with history","data":{"Product defects":19,"Test defects":2}},{"buildOrder":57,"reportUrl":"https://resolve-io.github.io/resolve.qa.nightly/57/","reportName":"Allure Report with history","data":{}},{"buildOrder":56,"reportUrl":"https://resolve-io.github.io/resolve.qa.nightly/56/","reportName":"Allure Report with history","data":{}}]