[{"buildOrder":67,"reportUrl":"https://resolve-io.github.io/resolve.qa.nightly/67/","reportName":"Allure Report with history","data":{"duration":1973238}},{"buildOrder":66,"reportUrl":"https://resolve-io.github.io/resolve.qa.nightly/66/","reportName":"Allure Report with history","data":{"duration":1873536}},{"buildOrder":65,"reportUrl":"https://resolve-io.github.io/resolve.qa.nightly/65/","reportName":"Allure Report with history","data":{"duration":1724008}},{"buildOrder":64,"reportUrl":"https://resolve-io.github.io/resolve.qa.nightly/64/","reportName":"Allure Report with history","data":{"duration":1843410}},{"buildOrder":63,"reportUrl":"https://resolve-io.github.io/resolve.qa.nightly/63/","reportName":"Allure Report with history","data":{"duration":1795826}},{"buildOrder":62,"reportUrl":"https://resolve-io.github.io/resolve.qa.nightly/62/","reportName":"Allure Report with history","data":{"duration":1963259}},{"buildOrder":61,"reportUrl":"https://resolve-io.github.io/resolve.qa.nightly/61/","reportName":"Allure Report with history","data":{"duration":1891859}},{"buildOrder":60,"reportUrl":"https://resolve-io.github.io/resolve.qa.nightly/60/","reportName":"Allure Report with history","data":{"duration":1877034}},{"buildOrder":59,"reportUrl":"https://resolve-io.github.io/resolve.qa.nightly/59/","reportName":"Allure Report with history","data":{"duration":2295909}},{"buildOrder":58,"reportUrl":"https://resolve-io.github.io/resolve.qa.nightly/58/","reportName":"Allure Report with history","data":{"duration":2222448}},{"buildOrder":57,"reportUrl":"https://resolve-io.github.io/resolve.qa.nightly/57/","reportName":"Allure Report with history","data":{"duration":25357}},{"buildOrder":56,"reportUrl":"https://resolve-io.github.io/resolve.qa.nightly/56/","reportName":"Allure Report with history","data":{"duration":13388}}]