[{"buildOrder":67,"reportUrl":"https://resolve-io.github.io/resolve.qa.nightly/67/","reportName":"Allure Report with history","data":{"failed":23,"broken":1,"skipped":2,"passed":39,"unknown":0,"total":65}},{"buildOrder":66,"reportUrl":"https://resolve-io.github.io/resolve.qa.nightly/66/","reportName":"Allure Report with history","data":{"failed":18,"broken":1,"skipped":2,"passed":44,"unknown":0,"total":65}},{"buildOrder":65,"reportUrl":"https://resolve-io.github.io/resolve.qa.nightly/65/","reportName":"Allure Report with history","data":{"failed":21,"broken":1,"skipped":2,"passed":41,"unknown":0,"total":65}},{"buildOrder":64,"reportUrl":"https://resolve-io.github.io/resolve.qa.nightly/64/","reportName":"Allure Report with history","data":{"failed":18,"broken":2,"skipped":2,"passed":43,"unknown":0,"total":65}},{"buildOrder":63,"reportUrl":"https://resolve-io.github.io/resolve.qa.nightly/63/","reportName":"Allure Report with history","data":{"failed":20,"broken":2,"skipped":2,"passed":41,"unknown":0,"total":65}},{"buildOrder":62,"reportUrl":"https://resolve-io.github.io/resolve.qa.nightly/62/","reportName":"Allure Report with history","data":{"failed":19,"broken":2,"skipped":2,"passed":42,"unknown":0,"total":65}},{"buildOrder":61,"reportUrl":"https://resolve-io.github.io/resolve.qa.nightly/61/","reportName":"Allure Report with history","data":{"failed":17,"broken":2,"skipped":2,"passed":44,"unknown":0,"total":65}},{"buildOrder":60,"reportUrl":"https://resolve-io.github.io/resolve.qa.nightly/60/","reportName":"Allure Report with history","data":{"failed":20,"broken":2,"skipped":2,"passed":41,"unknown":0,"total":65}},{"buildOrder":59,"reportUrl":"https://resolve-io.github.io/resolve.qa.nightly/59/","reportName":"Allure Report with history","data":{"failed":17,"broken":4,"skipped":2,"passed":42,"unknown":0,"total":65}},{"buildOrder":58,"reportUrl":"https://resolve-io.github.io/resolve.qa.nightly/58/","reportName":"Allure Report with history","data":{"failed":19,"broken":2,"skipped":2,"passed":42,"unknown":0,"total":65}},{"buildOrder":57,"reportUrl":"https://resolve-io.github.io/resolve.qa.nightly/57/","reportName":"Allure Report with history","data":{"failed":0,"broken":0,"skipped":0,"passed":2,"unknown":0,"total":2}},{"buildOrder":56,"reportUrl":"https://resolve-io.github.io/resolve.qa.nightly/56/","reportName":"Allure Report with history","data":{"failed":0,"broken":0,"skipped":0,"passed":2,"unknown":0,"total":2}}]