[{"buildOrder":67,"reportUrl":"https://resolve-io.github.io/resolve.qa.nightly/67/","reportName":"Allure Report with history","data":{"run":65,"retry":0}},{"buildOrder":66,"reportUrl":"https://resolve-io.github.io/resolve.qa.nightly/66/","reportName":"Allure Report with history","data":{"run":65,"retry":0}},{"buildOrder":65,"reportUrl":"https://resolve-io.github.io/resolve.qa.nightly/65/","reportName":"Allure Report with history","data":{"run":65,"retry":0}},{"buildOrder":64,"reportUrl":"https://resolve-io.github.io/resolve.qa.nightly/64/","reportName":"Allure Report with history","data":{"run":65,"retry":0}},{"buildOrder":63,"reportUrl":"https://resolve-io.github.io/resolve.qa.nightly/63/","reportName":"Allure Report with history","data":{"run":65,"retry":0}},{"buildOrder":62,"reportUrl":"https://resolve-io.github.io/resolve.qa.nightly/62/","reportName":"Allure Report with history","data":{"run":65,"retry":0}},{"buildOrder":61,"reportUrl":"https://resolve-io.github.io/resolve.qa.nightly/61/","reportName":"Allure Report with history","data":{"run":65,"retry":0}},{"buildOrder":60,"reportUrl":"https://resolve-io.github.io/resolve.qa.nightly/60/","reportName":"Allure Report with history","data":{"run":65,"retry":0}},{"buildOrder":59,"reportUrl":"https://resolve-io.github.io/resolve.qa.nightly/59/","reportName":"Allure Report with history","data":{"run":65,"retry":0}},{"buildOrder":58,"reportUrl":"https://resolve-io.github.io/resolve.qa.nightly/58/","reportName":"Allure Report with history","data":{"run":65,"retry":0}},{"buildOrder":57,"reportUrl":"https://resolve-io.github.io/resolve.qa.nightly/57/","reportName":"Allure Report with history","data":{"run":2,"retry":0}},{"buildOrder":56,"reportUrl":"https://resolve-io.github.io/resolve.qa.nightly/56/","reportName":"Allure Report with history","data":{"run":2,"retry":0}}]