[{"uid":"a5040cb096ce2114","name":"Workflow Designer: Controls: Lock and unlock remote executor","time":{"start":1692783552666,"stop":1692783611260,"duration":58594},"status":"failed","severity":"normal"},{"uid":"558c7708e955affa","name":"Workflow Designer: Controls: Verify If-Else conditions logic is evaluated correctly","time":{"start":1692783637538,"stop":1692783675887,"duration":38349},"status":"failed","severity":"normal"},{"uid":"91e1e5611ad9cef2","name":"Workflows repository: File scan while uploading an image","time":{"start":1692784247338,"stop":1692784272852,"duration":25514},"status":"passed","severity":"normal"},{"uid":"c83b8da8ea0e44c8","name":"Self Service Designer API: Create, update and delete a folder","time":{"start":1692784728206,"stop":1692784729725,"duration":1519},"status":"passed","severity":"normal"},{"uid":"a4aeeeae2673eaf","name":"API Access: Send a request to the Event Gateway with JSON body","time":{"start":1692783926997,"stop":1692783926997,"duration":0},"status":"skipped","severity":"normal"},{"uid":"2c23ca90f7f58fcf","name":"Workflow Designer: Controls: Try to create workflow with no default If-Else branch","time":{"start":1692783306094,"stop":1692783320837,"duration":14743},"status":"passed","severity":"normal"},{"uid":"2bb6e1375c316fde","name":"Workflow Designer: Controls: Append value of Set Memory activity by using another Set Memory activity","time":{"start":1692783161996,"stop":1692783183522,"duration":21526},"status":"passed","severity":"normal"},{"uid":"692f8719b43ffad7","name":"Audit Trail: Automate Event Wizard can be accessed via hamburger menu or button","time":{"start":1692784054920,"stop":1692784098024,"duration":43104},"status":"failed","severity":"normal"},{"uid":"a74cdd5566ce29f2","name":"Audit Trail: Export Audit Trail logs and verify contents","time":{"start":1692784142244,"stop":1692784180450,"duration":38206},"status":"failed","severity":"normal"},{"uid":"c4a6ff39678e56f3","name":"Activity Designer API: Create, update and delete category","time":{"start":1692784726420,"stop":1692784727604,"duration":1184},"status":"passed","severity":"normal"},{"uid":"b7d26700b86afcb6","name":"testCreateActivityAndExecuteIt(CodeLanguageOptions, List) Activity Designer: Create new VB_NET activity in custom category and execute it","time":{"start":1692782801230,"stop":1692782831382,"duration":30152},"status":"failed","severity":"normal"},{"uid":"c006aba575dcdb2a","name":"Logins: Workflow Editor role can access relevant menu items","time":{"start":1692784490557,"stop":1692784534266,"duration":43709},"status":"failed","severity":"normal"},{"uid":"9ac0a4f955b17b4f","name":"Login: Verify user with invalid credentials cannot log in.","time":{"start":1692783931723,"stop":1692783934170,"duration":2447},"status":"passed","severity":"normal"},{"uid":"718df74b0f064ad3","name":"Audit Trail: Automate an event not matched by any rule","time":{"start":1692784009116,"stop":1692784030610,"duration":21494},"status":"passed","severity":"normal"},{"uid":"accb5ce7935775b5","name":"Audit Trail: Event data is displayed properly in Audit Trail and Activity Log","time":{"start":1692784213537,"stop":1692784246677,"duration":33140},"status":"passed","severity":"normal"},{"uid":"ed5ff2bf2d9cf82f","name":"Triggers: Create trigger and delete it","time":{"start":1692784273523,"stop":1692784286623,"duration":13100},"status":"passed","severity":"normal"},{"uid":"f2ee2db08d64c4f4","name":"Workflow Designer: Controls: Terminate single branch workflow","time":{"start":1692783243358,"stop":1692783266334,"duration":22976},"status":"passed","severity":"normal"},{"uid":"545e4d519996c8aa","name":"testCreateActivityAndExecuteIt(CodeLanguageOptions, List) Activity Designer: Create new C_SHARP activity in custom category and execute it","time":{"start":1692782767043,"stop":1692782801204,"duration":34161},"status":"failed","severity":"normal"},{"uid":"e5c81b21df63b998","name":"Create and delete error handler","time":{"start":1692782987242,"stop":1692782995146,"duration":7904},"status":"passed","severity":"normal"},{"uid":"f0e3d74fdfcdb7a9","name":"Recipients page: Create a new user","time":{"start":1692784426791,"stop":1692784444443,"duration":17652},"status":"passed","severity":"normal"},{"uid":"890136ec3046713f","name":"Workflow Designer: Controls: Verify parallel If-Else branches are evaluated left to right","time":{"start":1692783459637,"stop":1692783507293,"duration":47656},"status":"failed","severity":"normal"},{"uid":"e73d5017997beb47","name":"Workflow Designer: Controls: Clean Multi Memory Set activity variable using Clean Memory activity","time":{"start":1692783183526,"stop":1692783210706,"duration":27180},"status":"passed","severity":"normal"},{"uid":"5e59da2208e333e5","name":"Audit Trail: Verify filter functionality","time":{"start":1692784134920,"stop":1692784142242,"duration":7322},"status":"failed","severity":"normal"},{"uid":"ddf54453502996b3","name":"Audit Trail: Navigate to workflow designer and repository from Audit Trail buttons","time":{"start":1692784030614,"stop":1692784054918,"duration":24304},"status":"passed","severity":"normal"},{"uid":"9563d94e79e1ca","name":"Workflow Designer: Controls: Verify If-Else predefined logic is evaluated correctly","time":{"start":1692783824978,"stop":1692783863811,"duration":38833},"status":"failed","severity":"normal"},{"uid":"a214b6876a7bb4dc","name":"Self Service Designer: Verify workflow is deleted when form linked to it is deleted","time":{"start":1692784398186,"stop":1692784426154,"duration":27968},"status":"passed","severity":"normal"},{"uid":"12ac1b792d5516a7","name":"Workflow Designer: Controls: Parallel execution using Parallel activity","time":{"start":1692783363267,"stop":1692783386536,"duration":23269},"status":"passed","severity":"normal"},{"uid":"c427f29e653bc340","name":"Activity Designer: Rename category","time":{"start":1692782889100,"stop":1692782896375,"duration":7275},"status":"passed","severity":"normal"},{"uid":"5bd3aac7cf600ad1","name":"Workflow Permissions: User with Write permission can only perform Read and Write actions on the workflow. Run is forbidden","time":{"start":1692783719605,"stop":1692783746954,"duration":27349},"status":"passed","severity":"normal"},{"uid":"1c1195bbbaec1f41","name":"Activity Designer: Create new C# activity in custom category and execute it","time":{"start":1692782896378,"stop":1692782928289,"duration":31911},"status":"failed","severity":"normal"},{"uid":"471549ee2c8e32c","name":"API access: Generate new bridge key","time":{"start":1692782986554,"stop":1692782986554,"duration":0},"status":"skipped","severity":"normal"},{"uid":"5209cd77e222ae22","name":"Login: Login user with valid test credentials","time":{"start":1692783927672,"stop":1692783931720,"duration":4048},"status":"passed","severity":"normal"},{"uid":"92ecd9dfc9d08574","name":"Workflow Designer: Controls: Try to create Parallel activity with empty branch","time":{"start":1692783675891,"stop":1692783699855,"duration":23964},"status":"passed","severity":"normal"},{"uid":"ef6fbfe4c57136d3","name":"Audit Trail: Export Activity logs and verify contents","time":{"start":1692783934863,"stop":1692783963712,"duration":28849},"status":"passed","severity":"normal"},{"uid":"903d07aa5f2fc4b6","name":"Activity Designer: Delete custom category","time":{"start":1692782756487,"stop":1692782766877,"duration":10390},"status":"passed","severity":"normal"},{"uid":"947bdaaec814ee3a","name":"Workflow Designer: Controls: Run Workflow and stop it with Stop Workflow activity","time":{"start":1692783320840,"stop":1692783363253,"duration":42413},"status":"failed","severity":"normal"},{"uid":"6610c944b19c2bd3","name":"Condition: Add a custom condition","time":{"start":1692784445080,"stop":1692784489916,"duration":44836},"status":"passed","severity":"normal"},{"uid":"a259024479f36814","name":"Workflow Designer: Controls: Nested While activities","time":{"start":1692783798278,"stop":1692783824975,"duration":26697},"status":"passed","severity":"normal"},{"uid":"89dc10c48432c4f5","name":"Policy Actions: Incoming event triggers a workflow using Source, Subject and Body conditions","time":{"start":1692784286625,"stop":1692784397302,"duration":110677},"status":"failed","severity":"normal"},{"uid":"77484e26ca489a78","name":"Workflow Designer: Controls: Default branch of If-Else is executed when logic in other branches does not match result","time":{"start":1692783386540,"stop":1692783416407,"duration":29867},"status":"passed","severity":"normal"},{"uid":"d81bb7b40b417792","name":"Workflow Designer: File is scanned when importing a workflow","time":{"start":1692783746958,"stop":1692783771393,"duration":24435},"status":"failed","severity":"normal"},{"uid":"753c6cafcdce653a","name":"Workflow Designer: Controls: Stop While activity with Exit While inside If-Else","time":{"start":1692783507297,"stop":1692783533698,"duration":26401},"status":"passed","severity":"normal"},{"uid":"5661a06e71826552","name":"Incident Configuration: Incident from an integration module triggers a workflow","time":{"start":1692784580052,"stop":1692784622022,"duration":41970},"status":"broken","severity":"normal"},{"uid":"4a95bc0108113013","name":"Workflow Permissions: Highest workflows permission assigned to a user is applied","time":{"start":1692783100168,"stop":1692783161991,"duration":61823},"status":"passed","severity":"normal"},{"uid":"e66c4551f14171b7","name":"Audit Trail: Create new condition and trigger via Automate Event","time":{"start":1692784098028,"stop":1692784134918,"duration":36890},"status":"failed","severity":"normal"},{"uid":"9b1f242021b6de1d","name":"Workflow Designer: Controls: Clean Set Memory activity variable using Clean Memory activity","time":{"start":1692783283970,"stop":1692783306091,"duration":22121},"status":"passed","severity":"normal"},{"uid":"26af30dbffc2d0fd","name":"Audit Trail: Automate Event trigger/condition filtering","time":{"start":1692783963716,"stop":1692784009112,"duration":45396},"status":"failed","severity":"normal"},{"uid":"bc9a0633c78188eb","name":"Workflow Permissions: User with Read permission can only perform read actions on the workflow","time":{"start":1692783886537,"stop":1692783925338,"duration":38801},"status":"passed","severity":"normal"},{"uid":"900f6bcb15e5a764","name":"Self Service Portal: Open result page from the My Request page","time":{"start":1692784673241,"stop":1692784725799,"duration":52558},"status":"failed","severity":"normal"},{"uid":"8eed0981300247f","name":"Workflow Designer: Controls: Use GoTo activity to skip activities","time":{"start":1692783771398,"stop":1692783798275,"duration":26877},"status":"passed","severity":"normal"},{"uid":"1947a78de09032cf","name":"createUpdateDeleteEventParserTest(CodeLanguageOptions, String) Incident Configuration: Create, update and delete new VB_NET event parser","time":{"start":1692784646532,"stop":1692784672153,"duration":25621},"status":"passed","severity":"normal"},{"uid":"7a3b555b231badf0","name":"Workflow Designer: Controls: Create a global variable using Set Memory Activity","time":{"start":1692783266341,"stop":1692783283966,"duration":17625},"status":"failed","severity":"normal"},{"uid":"517bc744fc536a1f","name":"Workflow Designer: Create and save a new workflow","time":{"start":1692783210710,"stop":1692783243354,"duration":32644},"status":"passed","severity":"normal"},{"uid":"c9a700b8547a9106","name":"Audit Trail: Navigate to workflow designer and repository from Audit Trail hamburger menu","time":{"start":1692784180454,"stop":1692784213534,"duration":33080},"status":"passed","severity":"normal"},{"uid":"4d0ea9c9c10b9266","name":"Workflow Designer: Controls: Use Display Value activity to show Memory Set activity variable","time":{"start":1692783533701,"stop":1692783552663,"duration":18962},"status":"passed","severity":"normal"},{"uid":"63eec738341b4d69","name":"createUpdateDeleteEventParserTest(CodeLanguageOptions, String) Incident Configuration: Create, update and delete new C_SHARP event parser","time":{"start":1692784622027,"stop":1692784646528,"duration":24501},"status":"passed","severity":"normal"},{"uid":"a03a44d9c2509a97","name":"Modules: Create Jira integration module","time":{"start":1692782937290,"stop":1692782985444,"duration":48154},"status":"failed","severity":"normal"},{"uid":"f549559fb9971d2","name":"Workflow Designer: Controls: Run Workflow and count the number of active instances using Workflow Counter","time":{"start":1692783416410,"stop":1692783459626,"duration":43216},"status":"failed","severity":"normal"},{"uid":"1c145d66ee36b735","name":"Incident Configuration: Create, update and delete classification","time":{"start":1692784534869,"stop":1692784580048,"duration":45179},"status":"failed","severity":"normal"},{"uid":"4981e2eebe58fef3","name":"Workflow Designer: Controls: Verify If-Else user-defined logic is evaluated correctly","time":{"start":1692783611263,"stop":1692783637535,"duration":26272},"status":"passed","severity":"normal"},{"uid":"604ddedbd4f450c7","name":"testCreateActivityAndExecuteIt(CodeLanguageOptions, List) Activity Designer: Create new PYTHON activity in custom category and execute it","time":{"start":1692782831392,"stop":1692782889092,"duration":57700},"status":"failed","severity":"normal"},{"uid":"fc747bcb13b89328","name":"Activity Designer: Create custom category","time":{"start":1692782928298,"stop":1692782936535,"duration":8237},"status":"passed","severity":"normal"},{"uid":"ee50e485a47aa049","name":"Workflow Designer: Controls: Terminate parallel branch using Terminate activity","time":{"start":1692783863815,"stop":1692783886533,"duration":22718},"status":"passed","severity":"normal"},{"uid":"46a32c4dd0c8e5de","name":"Analytics Dashboard: Triggered workflow is accounted in Analytics only once the cost-savings are configured","time":{"start":1692782995844,"stop":1692783099490,"duration":103646},"status":"failed","severity":"normal"},{"uid":"cb6b894ca32c2fb8","name":"Workflow Designer: Controls: Display iteration count of While activity","time":{"start":1692783699858,"stop":1692783719602,"duration":19744},"status":"passed","severity":"normal"}]