{"total":19,"items":[{"uid":"0aec35380d38a5d4abdd3914d3f8ff47","name":"com.resolve.test.express.tests.ui.WorkflowDesignerTests","statistic":{"failed":8,"broken":0,"skipped":0,"passed":19,"unknown":0,"total":27}},{"uid":"1790be3cb5927ae22609536aec7b3522","name":"com.resolve.test.express.tests.ui.AuditTrailTests","statistic":{"failed":5,"broken":0,"skipped":0,"passed":5,"unknown":0,"total":10}},{"uid":"fbb9a85f85075704630df0500b8cbe9c","name":"com.resolve.test.express.tests.ui.ActivityDesignerTests","statistic":{"failed":4,"broken":0,"skipped":0,"passed":3,"unknown":0,"total":7}},{"uid":"8caae3390a204635bbe0bc3754f4401e","name":"com.resolve.test.express.tests.ui.IncidentConfigurationTests","statistic":{"failed":1,"broken":1,"skipped":0,"passed":2,"unknown":0,"total":4}},{"uid":"063a6685efcfd07d661a4a4cd7a6a6f2","name":"com.resolve.test.express.tests.ui.PolicyActionsTests","statistic":{"failed":1,"broken":0,"skipped":0,"passed":1,"unknown":0,"total":2}},{"uid":"290ea364110912d3adc86cd3ffc654f4","name":"com.resolve.test.express.tests.ui.ModuleTests","statistic":{"failed":1,"broken":0,"skipped":0,"passed":0,"unknown":0,"total":1}},{"uid":"203311c17b6a09359108c3b0342f766b","name":"com.resolve.test.express.tests.ui.AnalyticsDashboardTests","statistic":{"failed":1,"broken":0,"skipped":0,"passed":0,"unknown":0,"total":1}},{"uid":"a9f49ef5e6b77e55a0834f69bcccbef5","name":"com.resolve.test.express.tests.ui.UserRoleTests","statistic":{"failed":1,"broken":0,"skipped":0,"passed":0,"unknown":0,"total":1}},{"uid":"97e1f60719f6071230ccfd5bbceb5c78","name":"com.resolve.test.express.tests.ui.SelfServicePortalTests","statistic":{"failed":1,"broken":0,"skipped":0,"passed":0,"unknown":0,"total":1}},{"uid":"e3a26fddef976b439a01075b9720c3c2","name":"com.resolve.test.express.tests.ui.LoginTests","statistic":{"failed":0,"broken":0,"skipped":0,"passed":2,"unknown":0,"total":2}}]}